Locale,1/22/20,1/23/20,1/24/20,1/25/20,1/26/20,1/27/20,1/28/20,1/29/20,1/30/20,1/31/20,2/1/20,2/2/20,2/3/20,2/4/20,2/5/20,2/6/20,2/7/20,2/8/20,2/9/20,2/10/20,2/11/20,2/12/20,2/13/20,2/14/20,2/15/20,2/16/20,2/17/20,2/18/20,2/19/20,2/20/20,2/21/20,2/22/20,2/23/20,2/24/20,2/25/20,2/26/20,2/27/20,2/28/20,2/29/20,3/1/20,3/2/20,3/3/20,3/4/20,3/5/20,3/6/20,3/7/20,3/8/20,3/9/20,3/10/20,3/11/20,3/12/20,3/13/20,3/14/20,3/15/20,3/16/20,3/17/20,3/18/20,3/19/20,3/20/20,3/21/20,3/22/20,3/23/20
"US",1.00000000000000,1.10517091807565,1.80967483607192,2.21034183615129,4.52418709017980,5.28011124641871,5.28011124641871,5.28011124641871,5.52585459037824,6.33386192625172,7.41679657911468,8.68453624791643,9.95321159839555,10.9287384890718,11.5894592461536,11.9657190742831,12.1253162017196,12.1568800988321,12.1568800988321,12.1568800988321,12.2083661047851,12.3025736446830,12.4309670697978,12.5849526598012,12.7556542019429,12.9337515713872,13.1093867405632,13.2721440884387,13.4111126900057,13.5150372415605,13.5725612705394,13.5725612705394,16.5775637711347,46.1467083198339,56.3637168218580,61.7946873993135,64.0999132483875,66.3102550845388,71.8918041592435,81.7826479375979,97.7313119433004,121.586085843913,156.062452384018,204.816146021818,272.375460962581,363.744642050456,483.433656263731,644.314645238102,867.739083896486,1159.09673250406,1526.40483421197,1995.06525124865,2605.55105929127,3423.06365837813,4554.29395842416,6177.82539019698,8601.54525538277,12375.4613664778,17663.9148128725,24064.4271662848,30105.7505728924,33276.0000000000,39618.8003765285,41791.1773705866,42027.0309286769,44061.8340271289,44888.1799953269,45682.7737319500,46132.1864513164
"Thailand",2.00000000000000,3.13373779807758,4.67714108010339,6.33386192625172,7.41331023600908,8.84136734460518,12.6677238525034,14.6059603128456,15.4723928530591,17.1919109426832,18.5629211568758,19.7506075987216,20.9982474434373,22.6209354508990,24.2751815170808,25.9181480572339,27.4979850492883,28.9547973771507,30.2225936359609,31.3039418146223,32.2094500680323,32.9561465431958,33.5656097485827,34.0620480791414,34.4704927229983,34.8152215076937,35.1184833371158,35.3995521856076,35.6741110131319,35.9539506612420,36.2469649669773,36.5574270791932,36.8865383230940,37.2332450090717,37.5953165208615,37.9706682444581,38.3588969153159,38.7629788095473,39.1910711004663,39.6583636946967,40.1889627822145,40.8178558261931,41.5931155852750,42.5786518892020,43.8580226452565,45.5400921401896,47.7677251969278,50.7313293528933,54.6900877240543,60.0054963694492,67.1949438861815,77.0186977160904,90.6240152822031,109.789608235241,136.086515406011,171.500235635239,218.354859426619,279.097392148555,355.865035620358,449.770964743726,541.997613403540,599.000000000000,700.613639426769,762.373062953163,800.500821290494,820.317013108513,830.753567030790,845.554721549483,862.107984709995
"Japan",2.00000000000000,2.00000000000000,2.00000000000000,2.21034183615129,3.61934967214384,4.42068367230259,6.33386192625172,7.73619642652953,10.3194188721854,14.0207956076667,18.0967483607192,20.6947277013715,22.1034183615130,23.2439005552998,24.3137601976643,25.5583329104669,25.5583329104669,25.5583329104669,25.5583329104669,25.5583329104669,25.5583329104669,26.0607098128444,27.8475395884422,32.0499566241938,40.8320554980795,53.3854076641216,66.4057598070477,79.3110834326737,91.7888735243984,103.886066299111,116.042946397943,128.966474410105,142.700857307998,157.311154071032,172.885078133955,189.533123057245,207.386846227988,226.595232261724,247.319119451910,269.723721464305,293.969335750532,320.200427166828,348.533432907210,379.043862670802,411.753554364343,446.619252681245,483.523941464896,522.272498218342,562.593165984197,604.145991905945,646.538749493280,689.349997564887,732.157959236101,774.573007843313,816.270914236616,857.023793340031,896.725954761038,935.412572357344,973.270101423619,1010.63848773173,1048.00621922490,1086.00000000000,1121.12317733835,1156.68052568694,1191.22168201201,1224.39204885156,1256.03947558207,1286.32712853319,1315.42832795999
"Singapore",,1.00000000000000,2.71451225410788,3.31551275422694,4.10744691441739,5.11266498083972,6.33386192625172,7.73619642652953,9.58418808177525,11.8684853325378,14.4773986885754,17.1428925229073,19.8930765253617,22.8386424719498,25.9708014591890,29.2847823832116,32.7817439701528,36.4706402964964,40.3701761573675,44.4446343018473,48.6476236945952,52.9230975669740,57.2075765185403,61.4335458475179,65.5338031198290,69.4463462337606,73.1192588989378,76.5150079772085,79.6136340332414,82.4144832219019,84.9363590766834,87.2162145927055,89.3067059412618,91.2730519847957,93.1896749036473,95.1370466549554,97.1990598712325,99.4611121642730,102.008967931844,104.928360504590,108.305227703897,112.226434346189,116.780818922541,122.060399363727,128.161575684566,135.186168668820,143.242129640131,152.443745646064,162.911148614414,174.768920203118,188.143572287946,203.159684193465,219.934500769614,238.570848895450,259.148320413453,281.712798630022,306.264567810277,332.745425779174,361.025394772898,390.889764591535,422.027274191289,455.000000000000,489.697044605728,525.747936949297,563.337998480885,602.525867309093,643.177640923547,685.044495795808,728.247492542591
"Nepal",,,,1.00000000000000,1.00000000000000,1.00000000000000,1.00000000000000,1.00000000000000,1.00000000000000,1.00000000000000,1.00000000000000,1.00000000000000,1.00000000000000,1.00000000000000,1.00000000000000,1.00000000000000,1.00000000000000,1.00000000000000,1.00000000000000,1.00000000000000,1.00000000000000,1.00000000000000,1.00000000000000,1.00000000000000,1.00000000000000,1.00000000000000,1.00000000000000,1.00000000000000,1.00000000000000,1.00000000000000,1.00000000000000,1.00000000000000,1.00000000000000,1.00000000000000,1.00000000000000,1.00000000000000,1.00000000000000,1.00000000000000,1.00000000000000,1.00000000000000,1.00000000000000,1.00000000000000,1.00000000000000,1.00000000000000,1.00000000000000,1.00000000000000,1.00000000000000,1.00000000000000,1.00000000000000,1.00000000000000,1.00000000000000,1.00000000000000,1.00000000000000,1.00000000000000,1.00000000000000,1.00000000000000,1.00000000000000,1.00000000000000,1.00000000000000,1.10517091807565,1.80967483607192,2.00000000000000
"Malaysia",,,,3.00000000000000,3.61934967214384,3.88700423684215,4.42068367230259,6.33386192625172,7.74540642824833,8.46165787668514,8.64453238276380,8.64453238276380,8.84136734460518,9.66451428144719,10.8580490164315,12.0576655552585,13.2620510169078,14.4773986885754,15.6385668529816,16.7263099842529,17.7243668554845,18.6200384569577,19.4045636423724,20.0732932644794,20.6256782370689,21.0650990122858,21.3985726739076,21.6363788140584,21.7916466004238,21.8799434420789,21.9189013247616,21.9279113462241,21.9279113462241,21.9412865705388,22.0601540580686,22.3809653638854,23.0110665974782,24.0803804735104,25.7603716171144,28.2946794142128,32.0499566241938,37.6034695248344,45.2418709017980,55.2585459037824,75.1015056969847,93.0461167931867,107.787208904398,119.749721406627,130.869684948806,144.304478397070,164.670466793271,199.464552142115,263.030678502004,387.270414919391,529.683871019909,679.226266989323,824.153801003802,954.990121568174,1066.56426058060,1158.70633020726,1235.82952095251,1306.00000000000,1520.91840768570,1595.41295244606,1749.14788616322,1895.91517039632,2061.75939486360,2219.48641982514,2356.45098125327
"Canada",,,,,1.00000000000000,1.10517091807565,1.80967483607192,2.00000000000000,2.21034183615129,3.61934967214384,4.27706702782120,4.28816218902176,4.28816218902176,4.42068367230259,4.85589509181136,5.52585459037824,6.33386192625172,6.87386744613117,7.16049971395220,7.25840711050286,7.25840711050286,7.25840711050286,7.25840711050286,7.26309362469641,7.28025231412202,7.31785657473470,7.38436201846375,7.48912957770694,7.64299020788796,7.85898934187840,8.15338315586034,8.54700606199465,9.06719839151763,9.75059022405566,10.6472080967746,11.8266517936070,13.3875599308499,15.4723928530591,18.2909820036987,21.7160980328630,25.4233495399363,29.4529095107651,33.8849511023898,38.8515458161187,44.5525891245793,51.2792923717618,59.4507562398036,69.6724811887689,82.8316137971647,101.315546918706,129.304997414851,174.633621680940,218.823841778978,278.503071355063,375.507528484923,495.346952387456,637.973826839821,800.569574635074,976.783881843664,1156.38222024996,1325.58681742268,1470.00000000000,1590.27837023300,1662.37994178412,1685.74587728374,1717.71887451018,1745.80675639978,1758.21521294319,1768.15418624878
"Australia",,,,,4.00000000000000,4.68195697955125,5.52585459037824,6.63102550845389,8.14353676232364,9.62120370815033,10.9816333777750,12.1608196902568,13.1206192083791,13.8509187988453,14.3672219349834,14.7053098271500,14.8966878215769,14.9805035137855,15.0000000000000,15.0000000000000,15.0000000000000,15.0000000000000,15.0000000000000,15.0000000000000,15.0000000000000,15.0000000000000,15.0292534124402,15.2099049868872,15.6731155932638,16.5775637711347,18.1434304276479,19.9064231967911,21.2121166524775,22.1347073702654,22.8057621549358,23.3925931814574,24.0855706138750,25.0993215908096,26.6916259988887,29.2063640412587,33.1551275422694,39.3709552581168,47.0515457378699,54.4459014945054,61.6130535882698,68.8683054601586,76.7941349694545,86.2822680451439,98.6558250467090,115.945638503313,141.461877513683,180.967483607192,231.631342230492,295.771391186532,375.667379748340,473.222849095434,589.480227072285,724.003243161593,874.190196197837,1034.64632540853,1188.95636729925,1314.00000000000,1449.60734413259,1540.86253230972,1596.81011466800,1616.51746453503,1633.95281038364,1656.66565219128,1679.60530509716
"Cambodia",,,,,,1.00000000000000,1.00000000000000,1.00000000000000,1.00000000000000,1.00000000000000,1.00000000000000,1.00000000000000,1.00000000000000,1.00000000000000,1.00000000000000,1.00000000000000,1.00000000000000,1.00000000000000,1.00000000000000,1.00000000000000,1.00000000000000,1.00000000000000,1.00000000000000,1.00000000000000,1.00000000000000,1.00000000000000,1.00000000000000,1.00000000000000,1.00000000000000,1.00000000000000,1.00000000000000,1.00000000000000,1.00000000000000,1.00000000000000,1.00000000000000,1.00000000000000,1.00000000000000,1.00000000000000,1.00000000000000,1.00000000000000,1.00000000000000,1.00000000000000,1.00000000000000,1.00000000000000,1.00000000000000,1.10517091807565,1.80967483607192,2.09823012683737,2.21034183615129,2.71451225410788,3.31551275422694,4.73790261833132,6.33386192625172,6.33386192625172,7.73619642652953,29.8596347951867,38.6809821326477,40.8913239687990,47.2969466585677,58.5740586580093,76.0063431150206,84.0000000000000
"Sri Lanka",,,,,,1.00000000000000,1.00000000000000,1.00000000000000,1.00000000000000,1.00000000000000,1.00000000000000,1.00000000000000,1.00000000000000,1.00000000000000,1.00000000000000,1.00000000000000,1.00000000000000,1.00000000000000,1.00000000000000,1.00000000000000,1.00000000000000,1.00000000000000,1.00000000000000,1.00000000000000,1.00000000000000,1.00000000000000,1.00000000000000,1.00000000000000,1.00000000000000,1.00000000000000,1.00000000000000,1.00000000000000,1.00000000000000,1.00000000000000,1.00000000000000,1.00000000000000,1.00000000000000,1.00000000000000,1.00000000000000,1.00000000000000,1.00000000000000,1.00000000000000,1.00000000000000,1.00000000000000,1.00000000000000,1.00000000000000,1.00000000000000,1.00000000000000,1.10517091807565,1.80967483607192,2.21034183615129,5.42902450821576,11.0517091807565,19.5826653940452,30.6725735273759,43.1286292049264,55.2863777393516,65.6154565172815,73.2194143890160,78.0140546467336,80.6006243127483,82.0000000000000
"Germany",,,,,,1.00000000000000,3.61934967214384,4.42068367230259,4.42068367230259,5.44166999578143,7.23869934428767,9.13518328082783,10.8580490164315,12.0673962557874,12.8085680532052,13.2620510169078,13.6817495140649,14.0657899284738,14.4128348346844,14.7221079291223,14.9934151973798,15.2271591932408,15.4243434869538,15.5865651156859,15.7159940971964,15.8153405353869,15.8878113119405,15.9370595990136,15.9671312804914,15.9824127547994,15.9875845221591,15.9875845221591,15.9875845221591,16.2640828199007,18.7879056072860,27.5098172102630,41.6225212296541,53.0482040676311,78.0950571857505,117.628864344675,160.571584029892,212.118088635834,289.554780535819,436.131635493333,606.241070084093,780.793338602882,957.589890156648,1149.38477616638,1387.66134764003,1731.90247413910,2296.54516776119,3325.27751128215,4614.50749449275,6178.73708546556,8036.80291624611,10223.7096390483,12687.6343018090,15321.6355336633,17959.2130731777,20381.3314442648,22637.0509647954,24873.0000000000,26159.8616490756,27051.6908762544,27329.2930313633,27686.1542243674,28065.7125458329,28209.7672200666,28294.8510711672
"Finland",,,,,,,,1.00000000000000,1.00000000000000,1.00000000000000,1.00000000000000,1.00000000000000,1.00000000000000,1.00000000000000,1.00000000000000,1.00000000000000,1.00000000000000,1.00000000000000,1.00000000000000,1.00000000000000,1.00000000000000,1.00000000000000,1.00000000000000,1.00000000000000,1.00000000000000,1.00000000000000,1.00000000000000,1.00000000000000,1.00000000000000,1.00000000000000,1.00000000000000,1.00000000000000,1.00000000000000,1.00000000000000,1.10517091807565,1.80967483607192,2.02944196119924,2.21034183615129,3.31551275422694,5.42902450821576,6.00000000000000,6.00000000000000,6.63102550845389,10.8580490164315,13.9405743755909,16.5775637711347,21.5687668038549,29.4322926140213,40.3781708719974,53.3854076641216,65.2050841664632,140.249799795574,216.329578199315,269.661704010458,306.132344306954,338.597215198180,371.337428473417,410.953047402895,457.213624527591,509.465690988482,566.428223690511,626.000000000000,696.019065536779,772.167338210095,854.271069460734,945.291207830201,1046.36408433159,1157.29525498187,1277.13636226418
"United Arab Emirates",,,,,,,,4.00000000000000,4.14763818730491,4.29134513746959,4.42068367230259,4.52418709017980,4.58612466547077,4.65741424821464,4.79266549673686,5.05454581619565,5.52585459037824,6.33386192625172,7.02267227236860,7.56673469242435,7.95966027998786,8.21236234529502,8.34904580596317,8.40249725756743,8.40989037672603,8.40989037672603,8.40989037672603,8.41004404059081,8.55252530057568,8.99412366183765,9.94653826268083,11.7628864344675,12.6695468686494,12.9119556877969,12.9355611071934,13.2348600002073,14.3672219349834,17.1919109426832,19.6198525455553,21.5847886625539,23.1387865231077,24.4306102869709,25.6796589796418,27.7965930245226,32.0499566241938,40.7176838116182,44.5668287584030,49.7326913134041,66.9579689346611,80.1612620709065,88.1388352867218,91.9282676317507,93.9395280364300,97.1412577473917,101.808340744390,108.306749971413,117.135477954974,126.677238525034,134.741805428592,141.547227730204,147.467797604271,153.000000000000,156.216501927115,158.024701996381,158.740375811287,159.459483148915,160.217181708409,160.771271173439,162.681368069999
"Philippines",,,,,,,,,1.00000000000000,1.00000000000000,1.10517091807565,1.80967483607192,2.06402675698447,2.06402675698447,2.06402675698447,2.21034183615129,2.71451225410788,2.95310297465066,3.00000000000000,3.00000000000000,3.00000000000000,3.00000000000000,3.00000000000000,3.00000000000000,3.00000000000000,3.00000000000000,3.00000000000000,3.00000000000000,3.00000000000000,3.00000000000000,3.00000000000000,3.00000000000000,3.00000000000000,3.00000000000000,3.00000000000000,3.00000000000000,3.00000000000000,3.00000000000000,3.00000000000000,3.00000000000000,3.00000000000000,3.00000000000000,3.00000000000000,3.31551275422694,4.52418709017980,6.63102550845389,10.7921370344860,18.2279043170837,29.8596347951867,44.3370334837620,56.4184346456115,70.7309387568414,100.436953401992,130.014876411014,156.934270366742,180.666481029915,202.437716451532,225.308890101927,254.189311157399,296.652013865654,343.838218853665,380.000000000000,432.941452657149,493.166049429528,552.043990639906,613.585343417816,686.289648349416,766.410495414783,842.730616386250
"India",,,,,,,,,1.00000000000000,1.00000000000000,1.10517091807565,1.80967483607192,2.71451225410788,3.00000000000000,3.00000000000000,3.00000000000000,3.00000000000000,3.00000000000000,3.00000000000000,3.00000000000000,3.00000000000000,3.00000000000000,3.00000000000000,3.00000000000000,3.00000000000000,3.00000000000000,3.00000000000000,3.00000000000000,3.00000000000000,3.00000000000000,3.00000000000000,3.00000000000000,3.00000000000000,3.00000000000000,3.00000000000000,3.00000000000000,3.00000000000000,3.00000000000000,3.00000000000000,3.31551275422694,4.52418709017980,5.52585459037824,25.3354477050069,33.1551275422694,34.2602984603451,36.5110484055360,39.9464124111458,44.6662167322276,50.8108034568043,58.5377547337766,67.9902700703871,79.2530134857333,92.2934166396679,106.890520517100,123.989245507401,145.066798494367,172.406663219801,209.606575784666,255.877748704347,307.856852098001,358.315617542240,396.000000000000,455.280157903983,495.033402698956,527.783389328903,554.551322426920,573.751599395894,580.047906492632,586.379920476505
"Italy",,,,,,,,,,2.00000000000000,2.00000000000000,2.00000000000000,2.00000000000000,2.00000000000000,2.03176118526980,2.21034183615129,2.71451225410788,2.95310297465066,3.00000000000000,3.00000000000000,3.00000000000000,3.00000000000000,3.00000000000000,3.00000000000000,3.00000000000000,3.00000000000000,3.00000000000000,3.00000000000000,3.00000000000000,3.31551275422694,18.0967483607192,61.0200528954350,140.249799795574,242.451574189369,355.865035620358,500.642425888268,688.985831509581,928.949954248688,1228.94405754276,1597.66685897901,2044.12757103042,2577.78194778984,3208.80807717214,3948.54411844019,4810.11130654308,5809.25214583811,6965.42743120190,8303.23834313324,9854.27382380198,11659.5326175490,13772.6399810587,16264.1810554109,19143.6452533868,22392.0115841359,25980.3299437915,29902.3450929023,34142.9330403253,38677.4068363424,43471.1141786118,48479.3791835306,53647.8273776769,59138.0000000000,64496.2155066680,69938.8064263023,75311.8625866653,80516.1198610876,85442.9574136931,90006.1119447290,94217.3081768405
"Sweden",,,,,,,,,,1.00000000000000,1.00000000000000,1.00000000000000,1.00000000000000,1.00000000000000,1.00000000000000,1.00000000000000,1.00000000000000,1.00000000000000,1.00000000000000,1.00000000000000,1.00000000000000,1.00000000000000,1.00000000000000,1.00000000000000,1.00000000000000,1.00000000000000,1.00000000000000,1.00000000000000,1.00000000000000,1.00000000000000,1.00000000000000,1.00000000000000,1.00000000000000,1.00000000000000,1.10517091807565,2.21034183615129,6.33386192625172,7.73619642652953,10.8580490164315,13.4426761821611,16.5775637711347,22.9957781109824,38.6809821326477,85.0547172953802,111.622262725640,148.486279231193,198.810697841313,266.039383261125,353.296803858387,462.334086763578,592.010466364293,736.537658281271,884.071653166006,1028.78723647706,1166.34738165867,1294.53314675467,1413.51360421875,1525.83308461039,1632.03788525272,1733.66657013897,1833.19642061261,1934.00000000000,2012.46436758479,2090.68465558992,2158.16465869060,2212.45949938903,2252.73954383051,2280.38752305319,2296.79633745320
"Spain",,,,,,,,,,,1.00000000000000,1.00000000000000,1.00000000000000,1.00000000000000,1.00000000000000,1.00000000000000,1.00000000000000,1.10517091807565,1.80967483607192,2.00000000000000,2.00000000000000,2.00000000000000,2.00000000000000,2.00000000000000,2.00000000000000,2.00000000000000,2.00000000000000,2.00000000000000,2.00000000000000,2.00000000000000,2.00000000000000,2.00000000000000,2.00000000000000,2.21034183615129,5.42902450821576,11.7628864344675,16.5775637711347,28.9547973771507,48.2691603014375,76.0063431150206,111.877383741337,156.801663430420,213.146624387221,286.239267781593,386.817803966059,530.348339166178,743.780027864911,1075.74015103304,1533.69942357095,2060.31480086788,2516.47418045825,4734.10937116414,6853.83503879390,8618.12281915390,10622.0783698956,12847.0369936602,15264.1266057314,17835.9118104728,20518.7974963571,23265.9391066777,26030.3628420585,28768.0000000000,31233.0667805428,33506.2805220062,35437.0370400038,36939.6095760227,37953.7810596602,38454.4139331639,38598.2387752777
"Belgium",,,,,,,,,,,,,,1.00000000000000,1.00000000000000,1.00000000000000,1.00000000000000,1.00000000000000,1.00000000000000,1.00000000000000,1.00000000000000,1.00000000000000,1.00000000000000,1.00000000000000,1.00000000000000,1.00000000000000,1.00000000000000,1.00000000000000,1.00000000000000,1.00000000000000,1.00000000000000,1.00000000000000,1.00000000000000,1.00000000000000,1.00000000000000,1.00000000000000,1.00000000000000,1.00000000000000,1.10517091807565,2.21034183615129,7.23869934428767,14.3672219349834,25.4189311157399,51.1836453046873,98.6272785659196,152.917523648077,198.188362097508,229.308024179617,252.953151147306,284.118949263291,347.023668275753,505.804116682102,692.198481735908,900.124658000292,1125.63379611963,1369.97534683991,1642.28398426041,1962.46696792047,2322.38995121646,2704.00020612938,3077.35205874030,3401.00000000000,3771.33033279019,4053.49928422029,4280.22783232774,4447.25609321937,4545.30193998824,4557.10773170061,4626.16408932390
"Egypt",,,,,,,,,,,,,,,,,,,,,,,,1.00000000000000,1.00000000000000,1.00000000000000,1.00000000000000,1.00000000000000,1.00000000000000,1.00000000000000,1.00000000000000,1.00000000000000,1.00000000000000,1.00000000000000,1.00000000000000,1.00000000000000,1.00000000000000,1.00000000000000,1.10517091807565,1.80967483607192,2.00000000000000,2.00000000000000,2.03597214198278,3.31551275422694,13.5725612705394,16.5775637711347,44.3370334837620,60.7844004941606,65.2050841664632,66.3102550845388,72.3673447934687,83.3154197984886,99.4688397096171,121.055838787514,147.631680174289,177.348133935048,206.293256286751,233.607202370573,258.917650296082,282.385738346902,304.691947751790,327.000000000000,339.817605528372,351.786105541145,358.790179563945,360.053720598986,362.867174845433,365.416043277773,366.547326043755
"Lebanon",,,,,,,,,,,,,,,,,,,,,,,,,,,,,,,1.00000000000000,1.00000000000000,1.00000000000000,1.00000000000000,1.10517091807565,1.80967483607192,1.94163149785353,2.21034183615129,4.32324318093767,9.04837418035960,12.6210411631753,13.9113039399689,14.3672219349834,16.4852047935399,19.9064231967911,23.9623944539345,28.9547973771507,35.3654693784207,44.2760540994817,55.1950825001936,66.5557017091911,77.9442065702339,89.0136070535475,99.5321159839556,109.411920889489,122.110222310394,137.702209589375,156.151743974863,177.208825191261,200.295856909919,224.399679672918,248.000000000000,276.938054596959,304.647215848321,333.420240860542,363.472270146198,394.575516043647,425.692018670502,455.644596002800
"Iraq",,,,,,,,,,,,,,,,,,,,,,,,,,,,,,,,,,1.00000000000000,1.10517091807565,4.52418709017980,6.97784745317717,7.73619642652953,11.7628864344675,17.1995079953850,23.5257728689350,29.2824617562035,34.2074622554546,38.6809821326477,43.6667903265575,48.9711246932992,54.2902450821576,59.2044470715451,64.2434566805532,70.1676215741716,78.4671351833710,91.3885792216320,104.841953706150,118.644150199011,132.634376100979,146.689405907383,160.736671871400,174.764784204741,188.831531224357,203.069891983017,217.693069257234,233.000000000000,247.132654165962,261.760191164744,276.092631340062,289.853557277430,302.900746755615,315.278539801987,327.043050579850
"Oman",,,,,,,,,,,,,,,,,,,,,,,,,,,,,,,,,,2.00000000000000,2.21034183615129,3.61934967214384,4.19646025368659,4.42068367230259,5.42902450821576,5.71910575798162,6.63102550845389,10.8580490164315,14.4086784116473,16.4198202874752,17.0276690422970,17.0276690422970,17.0276690422970,17.0276690422970,17.0276690422970,17.0566319070638,17.2269254688236,17.6578180389745,18.4892548402075,19.9064231967911,22.1818035042209,26.5241020338155,35.2886593034024,43.4321960657261,49.3818857165166,52.9063729212139,54.4801046130928,55.0000000000000
"Afghanistan",,,,,,,,,,,,,,,,,,,,,,,,,,,,,,,,,,1.00000000000000,1.00000000000000,1.00000000000000,1.00000000000000,1.00000000000000,1.00000000000000,1.00000000000000,1.00000000000000,1.00000000000000,1.00000000000000,1.00000000000000,1.00000000000000,1.10517091807565,3.61934967214384,4.42068367230259,5.39970163573792,6.33386192625172,6.85145804675706,7.73619642652953,10.3208755239671,14.4773986885754,19.0015857787551,21.3800264837224,21.9899435925445,22.0452932374868,22.9700498052251,26.5241020338155,36.1934967214384,40.0000000000000
"Bahrain",,,,,,,,,,,,,,,,,,,,,,,,,,,,,,,,,,1.00000000000000,20.8112606148271,36.4706402964964,36.4706402964964,37.6850356068048,39.8073214956871,42.5273586476901,45.4598745415242,48.8788409927748,53.1404078609942,58.7244095025124,66.3102550845388,76.9111805330566,85.6259301001718,97.6155899760339,121.568800988321,176.443296517012,203.170168659823,208.877303516297,215.776406193220,223.870691907776,233.168490704924,243.679780040552,255.412461059468,268.368343249036,282.538842158134,297.900437732891,314.409983884092,332.000000000000,348.915557354635,368.365152672410,388.270792708591,408.936064378590,430.691794986020,453.745330576481,478.096355698503
"Kuwait",,,,,,,,,,,,,,,,,,,,,,,,,,,,,,,,,,1.00000000000000,9.95321159839555,28.7344438699668,45.1089071488814,49.7326913134041,49.7326913134041,49.7326913134041,50.6708954100137,51.9398038502064,53.5532731670620,55.5306452521262,57.8965417884542,60.6806310172594,63.9173928526713,67.6459094525555,71.9097086982567,76.7566840121943,82.2391009653975,88.4136734460517,95.3416428571676,102.989476491161,111.295002418423,120.159208648782,129.626159729568,139.745613519502,150.573961237086,162.175339400606,174.622871422577,188.000000000000,202.238945554522,217.534088670547,233.898286973917,251.391029401195,270.083572260732,290.065733749459,311.433597978121
"Algeria",,,,,,,,,,,,,,,,,,,,,,,,,,,,,,,,,,,1.00000000000000,1.00000000000000,1.00000000000000,1.00000000000000,1.00000000000000,1.10517091807565,2.71451225410788,5.52585459037824,10.8580490164315,13.2620510169078,15.3822361066113,17.0263117051472,18.2774065584040,19.3375748813381,20.4919574913733,22.1034183615130,24.6621286581029,28.7344438699668,35.2924785460485,43.4321960657261,50.9019975869202,58.2990607025525,66.9579689346611,79.1347538027505,99.4653826268082,137.414267053491,181.872321025228,201.000000000000,256.180640895439,316.566416330497,367.551914791643,428.025028487313,499.751050758950,583.530387629290,645.297478650961
"Croatia",,,,,,,,,,,,,,,,,,,,,,,,,,,,,,,,,,,1.00000000000000,2.71451225410788,3.31551275422694,4.52418709017980,5.71981713760960,6.80459386986867,7.73619642652953,8.53659566922598,9.21822711704683,9.82175525092650,10.4107833594842,11.0688871217145,11.9021242833120,13.0502482982614,14.7116268014115,17.1919109426832,20.9982474434373,28.9547973771507,37.8757507611013,47.7143712160666,58.7663058721559,71.8361096749171,88.4782332437694,110.625134149199,141.461877513683,186.396508115408,229.828704181134,254.000000000000,310.144256386874,350.243951954018,379.513325260896,403.029517185791,425.466668879301,436.552246956495,439.613558435121
"Switzerland",,,,,,,,,,,,,,,,,,,,,,,,,,,,,,,,,,,1.00000000000000,1.10517091807565,7.23869934428767,8.84136734460518,16.2870735246473,26.8882522149684,41.0652735218159,59.8930228207282,86.1120339414667,125.989484660624,193.635207459695,266.931856084591,340.231971532578,413.333923360292,493.367765313562,589.953996559446,720.571438585322,1030.60981914296,1470.51731816504,1990.64231967911,2431.37601976642,2853.57059473300,3346.45753993306,4077.78978008053,4994.77193866769,5949.30602358643,6666.30639138509,7245.00000000000,8072.23120959441,8388.98788000406,8541.46080190553,8599.63952837964,8751.16676202233,8858.46821722955,9018.69851113091
"Austria",,,,,,,,,,,,,,,,,,,,,,,,,,,,,,,,,,,2.00000000000000,2.21034183615129,2.71451225410788,3.31551275422694,8.14353676232364,13.8954676511529,18.8385100629864,23.2085892795886,29.7163367788549,39.1702022297678,52.6502024554195,71.4821560248408,97.0997882222444,131.994921118342,179.601398441940,244.664533400024,333.761617258845,456.038058690124,610.275333912613,799.782516201364,1026.36231552879,1289.65507183264,1586.54339170068,1910.72130055829,2252.53372317504,2599.17449413337,2935.29258410865,3244.00000000000,3510.06854435143,3716.65998055909,3851.87039502944,3907.34154998970,3928.54175949885,3989.78882072619,4015.60162479012
"Israel",,,,,,,,,,,,,,,,,,,,,,,,,,,,,,,1.00000000000000,1.00000000000000,1.00000000000000,1.00000000000000,1.10517091807565,1.80967483607192,2.87432820563249,4.42068367230259,6.57222404666474,9.04837418035960,11.0517091807565,13.2620510169078,16.4694768733242,22.1034183615130,33.4789844673305,45.0344139083498,56.0853169491416,67.4154260026145,81.5357079169962,99.1699095663473,121.232914444832,148.879458839117,183.564068221601,227.114191927026,281.818584109290,365.245803848605,478.364670703345,612.574932010345,742.084923469185,861.094810905108,969.080874716513,1071.00000000000,1113.66883106338,1125.49955950746,1147.95482482377,1170.30699601753,1183.39779027186,1202.75392029912,1210.79146535442
"Pakistan",,,,,,,,,,,,,,,,,,,,,,,,,,,,,,,,,,,,2.00000000000000,2.00000000000000,2.21034183615129,3.61934967214384,4.30542330152566,4.42068367230259,4.65506066486263,4.95102425452045,5.23805490279613,5.42902450821576,5.42902450821576,5.42902450821576,6.63102550845389,14.4773986885754,19.8803203784845,22.1034183615130,25.6140905877623,34.2602984603451,58.5740586580093,123.057888852891,215.962035586915,327.340302127861,443.063490516248,553.690629955899,660.531315166251,729.803569583077,776.000000000000,790.989799459250,824.163104457742,843.662192255218,851.245670647933,858.092923901078,861.030316957612,864.508530660868
"Brazil",,,,,,,,,,,,,,,,,,,,,,,,,,,,,,,,,,,,1.00000000000000,1.00000000000000,1.10517091807565,1.80967483607192,2.00000000000000,2.00000000000000,2.21034183615129,3.61934967214384,4.42068367230259,11.7628864344675,14.3672219349834,18.0967483607192,22.6209354508990,28.0499599591147,36.0219330777541,57.4688877399337,136.630450123430,166.880808629423,179.037688728255,218.125698899309,290.452811189543,406.848554484163,582.076990079214,825.886873939359,1128.37950735524,1441.40600693128,1593.00000000000,1916.73641929957,2053.34165645405,2091.44685523584,2166.96514170398,2208.51649631537,2253.17435164359,2287.84181959112
"Georgia",,,,,,,,,,,,,,,,,,,,,,,,,,,,,,,,,,,,1.00000000000000,1.00000000000000,1.00000000000000,1.10517091807565,2.71451225410788,3.31551275422694,3.31551275422694,3.31551275422694,3.61934967214384,3.61934967214384,4.42068367230259,11.7628864344675,15.7148848128508,16.5775637711347,21.7160980328630,25.2690324212535,27.6292729518912,30.0298327793871,32.4659546476574,34.9367639659173,37.4454905663488,39.9995280007766,42.6104058799855,45.2937675817953,48.0694500978734,50.9617566947127,54.0000000000000
"Greece",,,,,,,,,,,,,,,,,,,,,,,,,,,,,,,,,,,,1.00000000000000,2.71451225410788,3.85338792430436,4.42068367230259,6.33386192625172,6.56555266979142,6.83956831837627,9.94653826268083,28.0499599591147,42.9686908579011,50.8378622314798,66.0531315166251,75.2189337038710,81.1326391988749,89.5789043855600,109.411920889489,171.919109426832,240.489330292825,305.698307113035,360.436883090559,402.362778494141,434.082385622347,461.961443755621,495.030444620997,533.215232434750,576.327697987550,624.000000000000,667.855819425707,719.777355966878,776.276821818221,833.541977423138,894.668550438716,960.950320886325,1032.62353079097
"North Macedonia",,,,,,,,,,,,,,,,,,,,,,,,,,,,,,,,,,,,1.00000000000000,1.00000000000000,1.00000000000000,1.00000000000000,1.00000000000000,1.00000000000000,1.00000000000000,1.00000000000000,1.10517091807565,2.71451225410788,3.00000000000000,3.00000000000000,3.31551275422694,6.33386192625172,7.18217260867910,7.73619642652953,12.6677238525034,14.7792000742288,15.4723928530591,18.3059059372461,23.6817102530917,32.4103634352911,45.4009193229209,62.9819652502565,83.7142693338884,103.151465656099,114.000000000000,132.835058834199,137.856626301599,141.461919260170,146.174694229234,148.828043603175,151.624702899767,152.854902953370
"Norway",,,,,,,,,,,,,,,,,,,,,,,,,,,,,,,,,,,,1.00000000000000,1.10517091807565,5.42902450821576,13.5725612705394,20.9982474434373,27.4457707903664,35.3654693784207,52.4246451294090,78.7208553691285,105.435896630732,133.011100451286,166.895370791864,226.560038205508,361.934967214384,541.092775985504,744.419445932265,953.737750566425,1151.50555185620,1325.83478149639,1473.19283379484,1598.59008270009,1713.01492301725,1833.03552411264,1959.24695082572,2092.37199862539,2233.27858025256,2383.00000000000,2538.44657822499,2703.48682287688,2876.99752827221,3059.03181096841,3249.85483378958,3450.09338574784,3660.39829329380
"Romania",,,,,,,,,,,,,,,,,,,,,,,,,,,,,,,,,,,,1.00000000000000,1.10517091807565,2.71451225410788,3.04672406995142,3.04672406995142,3.04672406995142,3.31551275422694,4.27831645459560,5.95689850687241,8.14353676232364,9.94653826268083,13.5725612705394,16.5775637711347,25.6146224373850,40.7176838116182,54.1533749857067,80.5305302052004,111.295002418423,142.559120207379,173.009043023137,203.351448925919,236.635895685267,272.598612179410,310.835847162629,350.798537965007,391.794602009571,433.000000000000,473.775098005490,512.946909999492,549.644229620093,582.922660008333,611.868272648838,635.629027153849,653.479880639550
"Estonia",,,,,,,,,,,,,,,,,,,,,,,,,,,,,,,,,,,,,1.00000000000000,1.00000000000000,1.00000000000000,1.00000000000000,1.10517091807565,1.80967483607192,2.21034183615129,3.31551275422694,9.04837418035960,11.0517091807565,11.0517091807565,11.0517091807565,12.2344234684377,14.4773986885754,17.6827346892104,71.4821560248408,127.094655578699,181.604387825522,222.338473722024,248.663456567021,270.855841479092,288.605890732204,302.151512111432,312.182676500690,319.719500209621,326.000000000000,326.589784435616,329.184650296146,330.692174538405,331.454998623860,332.076385200802,332.288834219094,332.439775288402
"San Marino",,,,,,,,,,,,,,,,,,,,,,,,,,,,,,,,,,,,,1.00000000000000,1.00000000000000,1.00000000000000,1.10517091807565,7.23869934428767,11.0517091807565,15.1878638849085,19.0015857787551,21.8895312913459,25.4189311157399,32.5741470492945,39.7861530507233,47.7077121631535,56.2226095373906,65.1882809409831,74.4459024628990,83.8325222718126,93.1941407594943,102.398528564775,111.346633032892,119.981667263157,128.295369459170,136.331399576619,144.186325698853,152.009071246548,160.000000000000,166.848713455657,173.778367661873,180.210837582263,185.999813727573,191.081705971927,195.515054249677,199.360504991681
"Belarus",,,,,,,,,,,,,,,,,,,,,,,,,,,,,,,,,,,,,,1.00000000000000,1.00000000000000,1.00000000000000,1.00000000000000,1.10517091807565,5.42902450821576,6.00000000000000,6.00000000000000,6.00000000000000,6.09528355580940,6.63102550845389,8.14353676232364,9.71322244116340,13.2620510169078,24.4306102869709,29.3878556817441,29.8396147880425,33.0591762910963,38.6564516543431,46.1467083198339,54.4008758438840,62.4337818444813,68.7676437707329,72.9707522987918,76.0000000000000
"Iceland",,,,,,,,,,,,,,,,,,,,,,,,,,,,,,,,,,,,,,1.00000000000000,1.10517091807565,2.71451225410788,5.97741948933805,12.1568800988321,23.5257728689350,35.4672693023294,44.7206857055230,50.6314968087800,55.2585459037824,62.4136058978274,72.3524935957944,85.3719913043070,101.685322383818,121.248214016819,143.535697470444,169.143219034570,198.930765253616,234.123285191301,276.292729518912,327.614709123547,386.849760105693,450.839740977197,513.947653444425,568.000000000000,636.401150199835,692.041863145332,739.303768542561,781.081781867752,814.842251497154,836.083295299704,840.902144760212
"Lithuania",,,,,,,,,,,,,,,,,,,,,,,,,,,,,,,,,,,,,,1.00000000000000,1.00000000000000,1.00000000000000,1.00000000000000,1.00000000000000,1.00000000000000,1.00000000000000,1.00000000000000,1.00000000000000,1.00000000000000,1.00000000000000,1.10517091807565,2.71451225410788,3.31551275422694,5.42902450821576,8.34575275632447,12.1484162213798,16.8897052533290,22.6209354508990,29.4389933579581,38.8316435631961,54.1533749857067,83.2853737627625,118.533701762711,131.000000000000,190.461203696227,239.556715361515,294.181975951004,346.545048743229,418.727525008538,495.918818677404,540.304152340188
"Mexico",,,,,,,,,,,,,,,,,,,,,,,,,,,,,,,,,,,,,,1.00000000000000,3.61934967214384,5.41651936208271,5.41651936208281,5.41651936208291,5.44364866702887,5.52585459037824,5.69400942164320,5.95823309662866,6.33386192625172,6.84293954180882,7.61385661408616,8.84136734460518,10.8580490164315,13.2620510169078,23.5257728689350,37.8688045379243,56.1597918844772,77.9071454598692,102.645215520288,130.410168332926,162.217324648306,195.762788414592,227.114191927026,251.000000000000,273.727882576973,285.746908100996,287.269925825314,293.324921230481,298.379182485347,300.723094303239,301.875522403308
"New Zealand",,,,,,,,,,,,,,,,,,,,,,,,,,,,,,,,,,,,,,1.00000000000000,1.00000000000000,1.00000000000000,1.00000000000000,1.10517091807565,2.71451225410788,3.31551275422694,3.95547704623223,4.52418709017980,4.86945120079582,5.02734674115241,5.07502993696198,5.10623630768949,5.21972146372177,5.52585459037824,6.17559585312020,7.23869934428767,8.84136734460518,12.2883384835807,18.0967483607192,26.2942264354258,36.8747165723069,48.8271523463022,59.7192695903733,66.0000000000000
"Nigeria",,,,,,,,,,,,,,,,,,,,,,,,,,,,,,,,,,,,,,1.00000000000000,1.00000000000000,1.00000000000000,1.00000000000000,1.00000000000000,1.00000000000000,1.00000000000000,1.00000000000000,1.00000000000000,1.10517091807565,1.80967483607192,2.00000000000000,2.00000000000000,2.00000000000000,2.00000000000000,2.00000000000000,2.00000000000000,2.21034183615129,3.31551275422694,7.23869934428767,8.84136734460518,13.0251596245048,19.9064231967911,27.1451225410788,30.0000000000000
"Ireland",,,,,,,,,,,,,,,,,,,,,,,,,,,,,,,,,,,,,,,1.00000000000000,1.00000000000000,1.10517091807565,2.21034183615129,5.42902450821576,6.63102550845389,16.2870735246473,19.8930765253617,20.9982474434373,23.2085892795886,30.7644722132226,38.9080089755463,47.5223494772529,81.4353676232364,116.724026926639,142.567048431758,176.926171643692,229.965190449748,322.709908078089,503.994441846030,671.025486878699,792.642127974706,864.500396057033,906.000000000000,954.158091554985,999.471786699783,1009.00188340266,1019.04874162985,1027.60269169150,1034.95779046858,1040.64699522048
"Luxembourg",,,,,,,,,,,,,,,,,,,,,,,,,,,,,,,,,,,,,,,1.00000000000000,1.00000000000000,1.00000000000000,1.00000000000000,1.00000000000000,1.10517091807565,1.80967483607192,2.21034183615129,2.71451225410788,3.31551275422694,4.58369945728330,7.73619642652953,17.1919109426832,30.7644722132226,46.1467083198339,62.7455010178233,85.0981606918249,126.677238525034,196.213929833471,303.120535042047,447.668561012057,606.241070084093,722.060259592696,798.000000000000,856.404070513264,891.867110098027,931.125513455943,958.540517322120,962.367286153076,970.016950311680,978.835954931924
"Monaco",,,,,,,,,,,,,,,,,,,,,,,,,,,,,,,,,,,,,,,1.00000000000000,1.00000000000000,1.00000000000000,1.00000000000000,1.00000000000000,1.00000000000000,1.00000000000000,1.00000000000000,1.00000000000000,1.00000000000000,1.00000000000000,1.10517091807565,1.80967483607192,2.00000000000000,2.00000000000000,2.21034183615129,6.33386192625172,7.53770370457369,7.53770370458050,7.73619642652953,9.95321159839555,12.1568800988321,20.8112606148271,23.0000000000000
"Qatar",,,,,,,,,,,,,,,,,,,,,,,,,,,,,,,,,,,,,,,1.00000000000000,2.71451225410788,3.31551275422694,6.33386192625172,7.92925292175751,8.00000000000000,8.00000000000000,8.84136734460518,13.5725612705394,16.2870735246473,26.5241020338155,237.067403525421,289.554780535819,334.734991617202,372.442599391493,405.584953293869,433.326233184871,455.307873644826,471.626994508276,482.771496838890,489.530862323287,492.901246296832,494.000000000000,494.000000000000,496.840299281474,498.200031537644,501.589362607007,502.458829890957,504.076061619556,506.236767358124,507.370873102777
"Ecuador",,,,,,,,,,,,,,,,,,,,,,,,,,,,,,,,,,,,,,,,6.00000000000000,6.63102550845389,7.73619642652953,9.57946126578514,11.7628864344675,13.3825340313382,14.3672219349834,14.8243477467036,14.9695683376656,15.0638641421486,15.3822361066113,16.2300951635709,18.7879056072860,25.3354477050069,30.9447857061181,40.8913239687990,63.4267922831689,108.506908818177,192.366873225747,332.075332419197,524.471104422340,713.916722830372,789.000000000000,958.468275121016,1660.99477762583,1746.33175214359,2185.28224763912,2907.93706699591,3718.42814875567,4575.87612515375
"Azerbaijan",,,,,,,,,,,,,,,,,,,,,,,,,,,,,,,,,,,,,,,,3.00000000000000,3.00000000000000,3.00000000000000,3.31551275422694,5.42902450821576,6.63102550845389,8.14353676232364,9.22166221744896,9.94653826268083,10.5561150565481,11.2199791801408,12.1568800988321,13.6672371490978,15.3488962862577,16.5775637711347,16.5775637711347,25.3354477050069,30.9447857061181,39.8128463935822,47.8055803513874,54.5065475542341,60.0383244482177,65.0000000000000
"Armenia",,,,,,,,,,,,,,,,,,,,,,,,,,,,,,,,,,,,,,,,1.00000000000000,1.00000000000000,1.00000000000000,1.00000000000000,1.00000000000000,1.00000000000000,1.00000000000000,1.00000000000000,1.00000000000000,1.00000000000000,1.10517091807565,3.61934967214384,8.71542013798697,16.8756305672227,28.7344438699668,47.0515457378699,70.5773186068049,92.8343571183543,115.338151296907,136.863033168686,156.847105647354,175.538459098976,194.000000000000,200.273551472604,204.813530682975,208.198846678197,211.994333125971,214.151591143755,215.150331731189,215.404864314857
"Dominican Republic",,,,,,,,,,,,,,,,,,,,,,,,,,,,,,,,,,,,,,,,1.00000000000000,1.00000000000000,1.00000000000000,1.00000000000000,1.10517091807565,1.80967483607192,2.21034183615129,4.52418709017980,5.00000000000000,5.00000000000000,5.00000000000000,5.00000000000000,5.52585459037824,9.95321159839555,11.2631196321593,12.1568800988321,19.0015857787551,23.2085892795886,37.2358307399100,67.7886697082509,120.967104554239,182.777158443264,202.000000000000,333.455583387889,385.477734922590,428.874558808067,460.644219912933,482.137127932287,494.478275492738,518.760223875301
"Indonesia",,,,,,,,,,,,,,,,,,,,,,,,,,,,,,,,,,,,,,,,,2.00000000000000,2.00000000000000,2.00000000000000,2.21034183615129,3.61934967214384,4.42068367230259,6.63102550845389,17.1919109426832,26.1348611613637,30.8765244607008,37.5758112145720,62.4337818444813,90.0386352636971,118.190988770609,148.092903022137,185.749119122479,231.688729967235,285.503659117545,345.294822366578,407.176838116182,465.086432870484,514.000000000000,562.703286679801,593.326145615049,609.779828205447,611.636800284475,623.185938468575,631.769780851092,634.085195191099
"Portugal",,,,,,,,,,,,,,,,,,,,,,,,,,,,,,,,,,,,,,,,,2.00000000000000,2.21034183615129,4.52418709017980,8.28383560973213,13.6240135753984,20.2085065922112,27.1451225410788,33.1551275422694,42.0713679359252,53.3854076641216,65.2050841664632,101.341790820027,153.260994499931,223.191606126531,309.737958758107,405.367163280110,495.116571297890,710.297373158228,960.614727355405,1219.64419063277,1447.73986885754,1600.00000000000,1838.38506949620,1861.42583078484,1891.26837623467,1961.77493843000,1984.09989948212,2007.62739101525,2039.09464515018
"Andorra",,,,,,,,,,,,,,,,,,,,,,,,,,,,,,,,,,,,,,,,,1.00000000000000,1.00000000000000,1.00000000000000,1.00000000000000,1.00000000000000,1.00000000000000,1.00000000000000,1.00000000000000,1.00000000000000,1.00000000000000,1.00000000000000,1.00000000000000,1.00000000000000,1.00000000000000,2.21034183615129,35.2886593034024,43.1016658049503,54.3979723758845,69.0944723369610,86.0236780236551,102.246628238063,113.000000000000,131.575848627244,142.087329878329,148.982759414872,152.969986287269,153.651109045638,156.928496484849,158.854175851734
"Latvia",,,,,,,,,,,,,,,,,,,,,,,,,,,,,,,,,,,,,,,,,1.00000000000000,1.00000000000000,1.00000000000000,1.00000000000000,1.00000000000000,1.10517091807565,2.21034183615129,5.42902450821576,8.18979194077694,9.59753542920079,11.0517091807565,15.8171823611794,23.5257728689350,30.4059752244380,37.5758112145720,48.8569458159598,64.2434566805532,82.1168418890920,100.436953401992,115.709756161577,128.092350985593,139.000000000000,141.547040277325,144.178977701549,148.385145308932,150.192964495415,151.499752972761,151.866312179580,152.606223241184
"Morocco",,,,,,,,,,,,,,,,,,,,,,,,,,,,,,,,,,,,,,,,,1.00000000000000,1.00000000000000,1.10517091807565,1.80967483607192,2.00000000000000,2.00000000000000,2.00000000000000,2.21034183615129,3.10140916783339,4.52418709017980,5.61843817552014,7.73619642652953,15.3822361066113,25.3354477050069,32.0499566241938,40.5102805778678,50.8473787422549,62.9888923643763,76.5381619895461,90.6645085854459,104.056303074135,115.000000000000,126.209719519636,133.144212690760,136.740402761241,136.918901804904,140.136511634948,141.387917203491,142.348772843507
"Saudi Arabia",,,,,,,,,,,,,,,,,,,,,,,,,,,,,,,,,,,,,,,,,1.00000000000000,1.00000000000000,1.10517091807565,4.52418709017980,5.52585459037824,5.52585459037824,9.95321159839555,14.2025989504808,18.0967483607192,23.2085892795886,42.3547975856150,77.8160179510925,101.825083044841,113.832604561792,130.410168332926,154.727198484149,188.984226990936,247.925452541853,317.837395312873,392.953016977557,462.371920616376,511.000000000000,587.047005748616,615.307577348118,631.412081909263,636.075684352267,651.900261302794,662.729996495288,668.758578892714
"Senegal",,,,,,,,,,,,,,,,,,,,,,,,,,,,,,,,,,,,,,,,,1.00000000000000,2.12076445713040,3.61934967214384,4.00000000000000,4.00000000000000,4.00000000000000,4.00000000000000,4.00000000000000,4.00000000000000,4.00000000000000,4.42068367230259,9.04837418035960,11.0517091807565,21.7160980328630,26.5241020338155,28.7344438699668,30.8435420520314,34.2602984603451,41.1291358537926,50.6274012742307,60.6241070084093,67.0000000000000
"Argentina",,,,,,,,,,,,,,,,,,,,,,,,,,,,,,,,,,,,,,,,,,1.00000000000000,1.00000000000000,1.10517091807565,2.21034183615129,7.23869934428767,11.6484373761081,13.2620510169078,15.3822361066113,17.5540713091678,20.9982474434373,28.0499599591147,36.2412548901157,45.6837948803559,56.6728772493567,69.7924869355816,86.0653992340215,107.201579053338,136.048149038490,170.307270336273,203.588419058091,225.000000000000,263.463904191281,287.814784825563,303.883604416104,314.984217572384,320.399564785968,325.299045397519,331.049679618664
"Chile",,,,,,,,,,,,,,,,,,,,,,,,,,,,,,,,,,,,,,,,,,1.00000000000000,1.10517091807565,3.61934967214384,4.42068367230259,4.42068367230259,7.23869934428767,8.84136734460518,13.5646599662505,20.8112606148271,25.4189311157399,38.9080089755463,55.3507522837025,81.7826479375979,140.249799795574,183.902899691415,215.351305492559,263.030678502004,392.699439427607,501.771487273325,577.935748066697,632.000000000000,757.594223729071,787.611621544771,804.805103656583,817.120902103466,835.544678307738,853.171552013129,860.452301402950
"Jordan",,,,,,,,,,,,,,,,,,,,,,,,,,,,,,,,,,,,,,,,,,1.00000000000000,1.00000000000000,1.00000000000000,1.00000000000000,1.00000000000000,1.00000000000000,1.00000000000000,1.00000000000000,1.00000000000000,1.00000000000000,1.00000000000000,1.10517091807565,7.23869934428767,18.7879056072860,36.6154521964492,56.7200398576190,73.9286263840625,85.8243695863778,93.9395280364300,102.622782004468,112.000000000000,113.372665278092,116.215262641105,117.300336458536,118.796963019169,120.488606275686,124.631459252392,125.782005879338
"Ukraine",,,,,,,,,,,,,,,,,,,,,,,,,,,,,,,,,,,,,,,,,,1.00000000000000,1.00000000000000,1.00000000000000,1.00000000000000,1.00000000000000,1.00000000000000,1.00000000000000,1.00000000000000,1.00000000000000,1.10517091807565,2.71451225410788,3.12832596719492,3.31551275422694,6.33386192625172,12.6677238525034,15.4723928530591,17.6827346892104,26.7894822120181,44.3363332258048,66.0531315166251,73.0000000000000
"Hungary",,,,,,,,,,,,,,,,,,,,,,,,,,,,,,,,,,,,,,,,,,,2.00000000000000,2.00000000000000,2.21034183615129,3.62458606816527,6.33386192625172,8.47094079033648,9.94653826268083,11.7628864344675,14.3672219349834,19.5788321061293,27.1451225410788,34.9159474144057,43.1016658049503,52.8218588420315,64.0833563570142,76.7452150662191,90.4678766330450,104.673576281526,118.533701762711,131.000000000000,143.321943355280,152.906231637708,160.014545286440,164.367125580070,165.702598434994,167.319047698142,169.168258786300
"Liechtenstein",,,,,,,,,,,,,,,,,,,,,,,,,,,,,,,,,,,,,,,,,,,1.00000000000000,1.00000000000000,1.00000000000000,1.00000000000000,1.00000000000000,1.00000000000000,1.00000000000000,1.00000000000000,1.00000000000000,1.10517091807565,3.61934967214384,4.42068367230259,4.42068367230259,7.73619642652953,25.3354477050069,30.9447857061181,30.9447857061181,33.4789844673305,35.3981866107133,37.0000000000000
"Poland",,,,,,,,,,,,,,,,,,,,,,,,,,,,,,,,,,,,,,,,,,,1.00000000000000,1.10517091807565,4.52418709017980,5.52585459037824,9.95321159839555,16.0519346508545,23.9676517727763,34.2602984603451,48.4794792436084,67.7335897165235,93.1982540577039,125.964217088550,167.114707345367,217.471602115461,277.397900436987,346.584275024896,422.464243144836,500.399452157808,573.666923034798,634.000000000000,689.054266635656,721.123871878528,732.695959059143,742.853596843971,756.789020664811,761.723566048494,766.548307341324
"Tunisia",,,,,,,,,,,,,,,,,,,,,,,,,,,,,,,,,,,,,,,,,,,1.00000000000000,1.00000000000000,1.00000000000000,1.10517091807565,1.80967483607192,2.21034183615129,4.52418709017980,6.33386192625172,7.73619642652953,14.4773986885754,18.5110265264955,19.8930765253617,22.1034183615130,26.0492216759843,31.8623313564908,39.5801569525442,48.8612205739418,58.6553488370402,67.8628063526970,75.0000000000000
"Bosnia and Herzegovina",,,,,,,,,,,,,,,,,,,,,,,,,,,,,,,,,,,,,,,,,,,,2.00000000000000,2.21034183615129,2.71451225410788,2.94777958155807,3.31551275422694,4.52418709017980,6.68977210718873,9.95321159839555,13.8355532150918,17.9506358125078,21.7160980328630,24.4720886950009,28.7344438699668,39.3217008413142,57.1746540011440,80.5305302052004,100.172230942916,114.697508267988,126.000000000000,135.776772943447,138.620704096799,142.633098179921,145.897458546081,147.095323537612,148.877823573661,149.065322259222
"Slovenia",,,,,,,,,,,,,,,,,,,,,,,,,,,,,,,,,,,,,,,,,,,,2.00000000000000,6.33386192625172,7.73619642652953,14.4773986885754,17.6827346892104,28.7272898392437,51.5757328280497,85.0199571819974,127.582075943070,172.790690508658,215.018375622244,250.275329249086,277.402520027146,298.067981228288,316.078882569635,336.754598620465,360.047676529984,385.856161456374,414.000000000000,441.087895679061,471.551194941217,504.835843850737,538.750943033484,574.776352337994,613.483051346139,655.017546910126
"South Africa",,,,,,,,,,,,,,,,,,,,,,,,,,,,,,,,,,,,,,,,,,,,1.00000000000000,1.00000000000000,1.10517091807565,2.71451225410788,3.31551275422694,6.33386192625172,11.7628864344675,18.6178522436441,26.5241020338155,35.9229760245573,46.1467083198339,56.0999199182295,68.5205969206901,104.961140492171,144.905252325944,183.817142222398,218.440067121955,247.925452541853,274.000000000000,385.780615474092,423.987407958513,509.017915831036,593.484030020381,713.607495910048,820.093520235230,916.764934985812
"Bhutan",,,,,,,,,,,,,,,,,,,,,,,,,,,,,,,,,,,,,,,,,,,,,1.00000000000000,1.00000000000000,1.00000000000000,1.00000000000000,1.00000000000000,1.00000000000000,1.00000000000000,1.00000000000000,1.00000000000000,1.00000000000000,1.00000000000000,1.00000000000000,1.00000000000000,1.10517091807565,1.80967483607192,2.00000000000000,2.00000000000000,2.00000000000000
"Cameroon",,,,,,,,,,,,,,,,,,,,,,,,,,,,,,,,,,,,,,,,,,,,,1.00000000000000,1.10517091807565,1.80967483607192,2.00000000000000,2.00000000000000,2.00000000000000,2.00000000000000,2.00000000000000,2.00000000000000,2.21034183615129,4.39821804935136,9.04837418035960,11.0517091807565,14.3672219349834,20.1023689390879,28.0551797993956,36.1934967214384,40.0000000000000
"Colombia",,,,,,,,,,,,,,,,,,,,,,,,,,,,,,,,,,,,,,,,,,,,,1.00000000000000,1.00000000000000,1.00000000000000,1.10517091807565,2.95041436146485,8.14353676232364,9.94653826268083,13.8726529990417,20.9427045408857,32.4375984030295,48.8612205739418,67.8479343908442,88.9426801046764,112.727433643716,141.461877513683,177.348133935048,209.017443566307,231.000000000000,261.450071662399,279.443233651574,286.853273960215,288.727942028689,295.549905693566,300.401962131598,303.467912513033
"Costa Rica",,,,,,,,,,,,,,,,,,,,,,,,,,,,,,,,,,,,,,,,,,,,,1.00000000000000,1.10517091807565,4.52418709017980,8.14353676232364,9.94653826268083,14.0903381665550,19.9064231967911,24.1167733712215,26.9410320117966,29.8396147880425,35.2347389563402,43.4884428190402,55.0082337864447,69.9131194517397,87.5372476601414,105.865977910207,121.248214016819,134.000000000000,147.650866011967,153.191342296997,154.063537225237,157.748605766606,159.947731817800,161.711801170830,162.072003408760
"Peru",,,,,,,,,,,,,,,,,,,,,,,,,,,,,,,,,,,,,,,,,,,,,1.00000000000000,1.10517091807565,5.42902450821576,7.73619642652953,9.95321159839555,12.1568800988321,16.5775637711347,25.3354477050069,34.3838218853665,47.5223494772529,77.8160179510925,115.734698202646,160.249783120969,211.731955820415,258.609994829702,298.691137677096,332.362072587410,363.000000000000,482.499951233458,522.110970175598,612.468158497115,702.487508054568,818.204636954345,927.645875804345,1023.03086592326
"Serbia",,,,,,,,,,,,,,,,,,,,,,,,,,,,,,,,,,,,,,,,,,,,,1.00000000000000,1.00000000000000,1.00000000000000,1.10517091807565,4.52418709017980,11.4938031152328,20.9982474434373,31.9655698981970,42.5260499332653,51.8553908755510,60.7844004941606,71.8361096749171,88.3925599257216,110.932946282468,139.099959124820,170.712281051196,200.873906803983,222.000000000000,254.983361521301,273.810731758701,286.184853286736,292.756526012328,295.169960369587,300.485331967619,304.220551126746
"Slovakia",,,,,,,,,,,,,,,,,,,,,,,,,,,,,,,,,,,,,,,,,,,,,1.00000000000000,1.10517091807565,2.71451225410788,3.31551275422694,6.33386192625172,10.8584243404028,17.6827346892104,28.9547973771507,41.4999494234183,54.0269320365313,66.2961809131819,79.5723061014466,96.9416419092724,117.807322386232,140.341521713273,161.061060410401,174.994298204085,185.000000000000,192.472474523802,193.834374116922,197.339804339940,199.441092012753,200.625331295589,201.355092483343,201.727532610022
"Togo",,,,,,,,,,,,,,,,,,,,,,,,,,,,,,,,,,,,,,,,,,,,,1.00000000000000,1.00000000000000,1.00000000000000,1.00000000000000,1.00000000000000,1.00000000000000,1.00000000000000,1.00000000000000,1.00000000000000,1.00000000000000,1.00000000000000,1.00000000000000,1.00000000000000,1.10517091807565,8.14353676232364,15.9232039399932,16.0000000000000,16.0000000000000
"Malta",,,,,,,,,,,,,,,,,,,,,,,,,,,,,,,,,,,,,,,,,,,,,,3.00000000000000,3.00000000000000,3.31551275422694,4.52418709017980,5.42902450821576,6.63102550845389,10.8580490164315,16.2870735246473,22.3071911413590,28.5592774399859,34.9896791427830,41.9964948868746,50.5541010726962,60.4436257228445,71.0846608409456,81.4353676232364,90.0000000000000
"Martinique",,,,,,,,,,,,,,,,,,,,,,,,,,,,,,,,,,,,,,,,,,,,,,2.00000000000000,2.00000000000000,2.03176118526980,2.21034183615129,2.71451225410788,2.71451225410788,3.31551275422694,8.14353676232364,9.94653826268083,13.5725612705394,17.2660194893527,20.9982474434373,25.0353761902005,28.9547973771507,32.1438106005586,34.7227786618290,37.0000000000000
"Bulgaria",,,,,,,,,,,,,,,,,,,,,,,,,,,,,,,,,,,,,,,,,,,,,,,4.00000000000000,4.00000000000000,4.42068367230259,6.33386192625172,7.73619642652953,20.8112606148271,37.0983341394743,49.3311678597901,57.4688877399337,68.8845826493081,83.9062191209437,102.577990945212,124.310318265545,147.488499139861,169.204597172725,187.000000000000,207.678534207206,221.249014419384,229.948175055331,234.108803202433,236.494270112430,240.694733314602,243.602643939079
"Maldives",,,,,,,,,,,,,,,,,,,,,,,,,,,,,,,,,,,,,,,,,,,,,,,4.00000000000000,4.42068367230259,5.57651523920387,7.23869934428767,8.71690999597720,9.94653826268083,10.9847890554576,11.7958507708919,12.3734845030252,12.7375935038601,12.9277452414745,12.9958782902871,13.0000000000000,13.0000000000000,13.0000000000000,13.0000000000000
"Bangladesh",,,,,,,,,,,,,,,,,,,,,,,,,,,,,,,,,,,,,,,,,,,,,,,3.00000000000000,3.00000000000000,3.00000000000000,3.00000000000000,3.00000000000000,3.00000000000000,3.31551275422694,4.69884594018590,7.23869934428767,10.2748732976690,13.5777944705890,16.8775350898432,19.9391232511514,22.6209354508990,24.9007680269899,27.0000000000000
"Paraguay",,,,,,,,,,,,,,,,,,,,,,,,,,,,,,,,,,,,,,,,,,,,,,,1.00000000000000,1.00000000000000,1.10517091807565,4.52418709017980,5.52585459037824,6.07622340969577,6.34353676882622,6.63102550845389,7.31929930641627,8.41777351401506,9.95321159839555,11.9389699183416,14.3672219349834,17.1532242615285,19.9064231967911,22.0000000000000
"Albania",,,,,,,,,,,,,,,,,,,,,,,,,,,,,,,,,,,,,,,,,,,,,,,,2.00000000000000,9.04837418035960,13.2620510169078,20.8112606148271,29.8596347951867,38.6135880063730,46.4171785591772,53.4950480909778,59.7099956318537,65.2050841664632,70.3751272909293,75.2453345516189,79.8880737174208,84.4200581038326,89.0000000000000
"Cyprus",,,,,,,,,,,,,,,,,,,,,,,,,,,,,,,,,,,,,,,,,,,,,,,,2.00000000000000,3.31551275422694,5.42902450821576,6.63102550845389,12.6677238525034,23.5257728689350,28.7344438699668,35.1682459929816,42.8133605434400,51.4612470796674,60.6241070084093,69.4810133369203,78.0061311412287,86.3811943258748,95.0000000000000
"Brunei",,,,,,,,,,,,,,,,,,,,,,,,,,,,,,,,,,,,,,,,,,,,,,,,1.00000000000000,1.10517091807565,9.95321159839555,12.1568800988321,33.4789844673305,44.2068367230259,52.5016264663031,58.0586769598938,61.8895714122363,65.8367953110674,69.9150404736686,74.1435066197344,78.5463601493804,83.1532630259241,88.0000000000000
"Burkina Faso",,,,,,,,,,,,,,,,,,,,,,,,,,,,,,,,,,,,,,,,,,,,,,,,,1.00000000000000,1.80967483607192,2.00000000000000,2.00000000000000,2.03597214198278,3.31551275422694,13.5725612705394,16.5775637711347,22.1034183615130,31.1597131513767,43.8024639560547,57.9095947543014,67.9086689007845,75.0000000000000
"Holy See",,,,,,,,,,,,,,,,,,,,,,,,,,,,,,,,,,,,,,,,,,,,,1.00000000000000,1.00000000000000,1.00000000000000,1.00000000000000,1.00000000000000,1.00000000000000,1.00000000000000,1.00000000000000,1.00000000000000,1.00000000000000,1.00000000000000,1.00000000000000,1.00000000000000,1.00000000000000,1.00000000000000,1.00000000000000,1.00000000000000,1.00000000000000
"Mongolia",,,,,,,,,,,,,,,,,,,,,,,,,,,,,,,,,,,,,,,,,,,,,,,,,1.00000000000000,1.00000000000000,1.00000000000000,1.00000000000000,1.00000000000000,1.00000000000000,1.10517091807565,4.52418709017980,6.63102550845389,6.63102550845389,6.63102550845389,9.04837418035960,10.0000000000000,10.0000000000000
"Panama",,,,,,,,,,,,,,,,,,,,,,,,,,,,,,,,,,,,,,,,,,,,,,,,,1.00000000000000,7.23869934428767,12.1568800988321,24.4306102869709,36.7901461997248,47.5223494772529,60.2722859916242,75.7170081134021,95.0446989545056,120.260686584481,151.408415776364,187.230303141169,221.685167418810,245.000000000000,281.883552261391,302.837821229266,316.000753934050,322.598831717849,326.680172804230,332.038977759874,337.773425213205
"China",548.000000000000,710.624900322641,972.468048783953,1393.28257288312,2073.41339148942,3179.57673130364,4984.74933596010,6727.17537832646,8677.34549460997,10809.8675575027,13141.5873868375,15753.7472949681,18613.1387376319,21664.3748432376,24828.7387509067,28005.0452125068,31188.8367579724,34407.3676800423,37722.5496232923,41234.0203714989,45084.0434809829,49466.3451221479,54641.6321523992,60043.2013860302,64852.9974379693,68974.4141081626,72360.6018292917,75012.5137297281,76973.0110208958,78318.5657748030,79150.0991423993,79584.2508575688,79746.0079238597,79763.2341256088,79763.3142455489,79763.3943425504,79770.7001168207,79790.4586700161,79825.9436328707,79878.5834012704,79948.1415764900,80032.9679263391,80130.3088400705,80236.6587372720,80348.1286082062,80460.8051711079,80571.0742724020,80675.8851517044,80772.9377679301,80860.7829312168,80938.8336215127,81007.2945486430,81067.0246695862,81119.3531416979,81165.8724665272,81208.2331383542,81247.9620773685,81286.3229081217,81324.2303367950,81362.2241721953,81400.5016194248,81439.0000000000,81476.4774237048,81514.7134630222,81552.7735473768,81590.6547525162,81628.4618450897,81666.3251847918,81704.2455973863
"Iran",,,,,,,,,,,,,,,,,,,,,,,,,,,,,2.00000000000000,5.52585459037824,16.2870735246473,30.9447857061181,47.5223494772529,67.4154260026145,100.019949557664,153.618757612515,241.766680261762,384.743224289985,610.935739174706,955.207289497043,1451.12413581034,2113.70020853200,2913.00321260481,3822.41815212884,4805.91767780673,5826.36006200351,6854.00117226618,7873.37818888559,8887.78452316435,9921.73323335357,10963.4029824347,12002.3959065057,13030.2710066202,14040.9263929097,15030.8321834253,15999.1334319392,16947.6549246467,17880.8466515866,18805.7108989323,19731.7506029900,20670.9755583324,21638.0000000000,22542.5227568949,23472.2856103021,24386.7988312504,25276.5632177566,26137.4989660015,26973.5578870361,27788.3240075285
"Korea, South",1.00000000000000,1.10517091807565,1.80967483607192,2.21034183615129,2.92077924221553,3.61934967214384,3.64558307893907,3.64558307893907,4.42068367230259,9.95321159839555,13.2620510169078,15.3875268241783,16.5775637711347,17.6827346892104,19.1675275317048,20.8112606148271,22.3086146859823,23.6287707411811,24.7494008127377,25.6581525719737,26.3537404064004,26.8464845412288,27.1581917286598,27.3213823837953,27.3780160583025,27.3780160583025,27.3780160583025,28.0499599591147,34.2602984603451,94.1030914757398,211.218033241351,391.794602009571,607.396449370758,834.956166851256,1079.75198695991,1393.62052769339,1793.64231432916,2283.02423712183,2850.23786681327,3461.46563161386,4097.38295057779,4736.74804425303,5358.47340341535,5943.58204252032,6476.77062557576,6947.39894029703,7349.84427040758,7683.27055802975,7950.94361150972,8159.26437689702,8316.69365956887,8432.71350922144,8516.92650359842,8578.34752502655,8624.90291063711,8663.12404642603,8698.00738282536,8733.00841962157,8770.13996266799,8810.15117933382,8852.77049933643,8897.00000000000,8932.27211670548,8974.43462764825,9015.72188380840,9054.73951832960,9093.54440029811,9133.05646338863,9173.10607747159
"France",,,2.00000000000000,2.71451225410788,3.07970048940415,3.31551275422694,3.84493630612235,4.52418709017980,5.08770187818015,5.50839231175680,5.78419062536835,5.93426960162732,5.99226908243330,5.99939029115031,5.99939029115031,5.99939029115031,6.63102550845389,9.95321159839555,11.5369621074711,11.6795382390906,11.6795391713869,11.6795401024013,11.6795855267968,11.6796966965756,11.6798731829470,11.6800966969418,11.6803371544173,11.6805603580416,11.6807362631476,11.6808466519050,11.6808911819504,11.6808911819504,11.6808911819504,12.2832578420736,14.3892680964183,19.8930765253617,34.3838218853665,57.5983171466318,90.4837418035960,128.984664640256,172.823946844868,225.454867287432,302.089659809010,419.964948868746,611.887472796455,865.929409060414,1103.10513368423,1344.99300729806,1668.92595055762,2072.07768730235,2530.84140239323,3327.99202353626,4137.33191060703,4998.68806245616,6033.45590346378,7218.65465655935,8546.87576999867,9997.70939604073,11534.9736257775,13104.9892863995,14636.6500741497,16044.0000000000,17403.8214872182,18519.8343658445,19398.6779438723,20008.9229861244,20321.4925401633,20404.6717984620,20650.2880574004
"Cruise Ship",,,,,,,,,,,,,,,,,61.0000000000000,61.0000000000000,70.7309387568414,122.153051434855,149.198073940212,170.831758886153,193.404910663238,228.353072520954,276.717571465089,338.693739018417,412.067335679789,490.421880575490,561.904036600331,618.089941650889,657.476204417077,681.222320544505,692.500026828885,695.687889219389,695.687889219389,695.687889219389,695.687889219398,695.687889219415,695.687889219430,695.687889219439,695.687889219439,695.687889219439,695.696383787853,695.730288927156,695.806347554425,695.940826175561,696.149126524093,696.445353970326,696.841880908699,697.348938443144,697.974263707336,698.722823400786,699.596627009700,700.594636185932,701.712770359990,702.944003302854,704.278541366191,705.704071714397,707.206068025029,708.768141690959,710.372428140799,712.000000000000,713.440727795121,715.059396309716,716.620312438036,718.149953620072,719.679576656821,721.223041107378,722.773873973510
"Denmark",,,,,,,,,,,,,,,,,,,,,,,,,,,,,,,,,,,,,1.00000000000000,1.10517091807565,2.71451225410788,3.76475487294170,4.42068367230259,6.58984669580614,9.95321159839555,12.1568800988321,21.7160980328630,26.5241020338155,40.8913239687990,95.7130052269422,238.877078361493,446.432908083661,662.208502921591,826.358996678924,919.510768832464,967.024553316191,1018.80096270595,1075.01756914884,1135.84586548473,1201.44590643073,1271.96021530680,1347.50688165748,1428.17179580920,1514.00000000000,1602.90430662278,1699.93839883763,1801.95072425188,1910.00954388895,2024.90161972263,2147.25982734220,2277.40312305152
"Czechia",,,,,,,,,,,,,,,,,,,,,,,,,,,,,,,,,,,,,,,,3.00000000000000,3.31551275422694,4.63096758506547,7.23869934428767,11.2122627215449,16.2870735246473,20.9982474434373,28.0499599591147,33.8686486032152,45.3120076411016,82.3402050412723,103.886066299111,133.735195492436,174.436364914457,228.923866763098,300.170280309925,390.522971706450,500.619153099066,627.957168116956,765.409719759263,900.313230945780,1014.90015895382,1120.00000000000,1193.51644150594,1225.58979273246,1231.91948500425,1260.40112863907,1276.44760604921,1297.95598522116,1335.98562708503
"Taiwan*",1.00000000000000,1.10517091807565,2.71451225410788,3.31551275422694,4.23065923744191,5.52585459037824,7.23869934428767,8.62644809087531,9.55072812793060,10.0322085787313,10.2102136713706,10.2819129343711,10.4625231633896,10.9861359205180,12.1568800988321,14.4773986885754,16.4289427355920,17.9040208156179,18.8835839577634,19.4259240806236,19.6431900538954,19.6763172009422,19.6763204469823,19.7220000645592,19.8930765253617,20.2736766551806,20.8453483468414,21.5923935793972,22.4999867686457,23.5526142881794,24.7328137343868,26.0202468272344,27.3911779984062,28.8184481365078,30.2720248562809,31.7201739209586,33.1312326563439,34.4758839761321,35.7297451756437,36.8760204709874,37.9079422162270,38.8307584410163,39.6631174752059,40.4378434623925,41.2022678650708,42.0184568094368,42.9638349528259,44.1328537597821,45.6405110856301,47.6287557488670,50.2771989521497,53.8202520330989,58.5740586580093,64.9788075790466,73.1267079932420,83.0889737524197,94.8616465719703,108.299405450698,123.041301823549,138.440124959502,153.516181832248,169.000000000000,185.334225741848,200.303107528489,214.694627222258,228.354437967476,240.781811173090,251.210632269221,259.740834412888
"Vietnam",,2.00000000000000,2.00000000000000,2.00000000000000,2.00000000000000,2.00000000000000,2.00000000000000,2.00000000000000,2.00000000000000,2.21034183615129,5.42902450821576,6.63102550845389,7.53553144383869,8.21108293420550,8.84136734460518,9.69504805054562,10.7037044184421,11.7628864344675,12.7212958330322,13.5591550061837,14.2647460758449,14.8344780173764,15.2723007925807,15.5886479360983,15.7991121566559,15.9230498850137,15.9822799905775,16.0000000000000,16.0000000000000,16.0000000000000,16.0000000000000,16.0000000000000,16.0000000000000,16.0000000000000,16.0000000000000,16.0000000000000,16.0000000000000,16.0000000000000,16.0000000000000,16.0000000000000,16.0000000000000,16.0000000000000,16.0000000000000,16.0507970404397,16.9758061045936,19.8930765253617,27.1451225410788,31.6753586512424,34.2602984603451,37.2305529567219,40.6134439759666,44.4357000732115,48.7228731140777,53.4992934388887,58.7887067971927,64.6156843736049,71.0078050898109,77.9984907143140,85.6302510725697,93.9579927708645,103.051978381694,113.000000000000,123.818907316656,135.626457294667,148.497959594557,162.516073866070,177.771359987089,194.371048167962,212.438103082944
"Russia",,,,,,,,,,2.00000000000000,2.00000000000000,2.00000000000000,2.00000000000000,2.00000000000000,2.00000000000000,2.00000000000000,2.00000000000000,2.00000000000000,2.00000000000000,2.00000000000000,2.00000000000000,2.00000000000000,2.00000000000000,2.00000000000000,2.00000000000000,2.00000000000000,2.00000000000000,2.00000000000000,2.00000000000000,2.00000000000000,2.00000000000000,2.00000000000000,2.00000000000000,2.00000000000000,2.00000000000000,2.00000000000000,2.00000000000000,2.00000000000000,2.03176118526980,2.21034183615129,2.71451225410788,2.74786828933918,2.96680691628114,4.42068367230259,11.7628864344675,14.3672219349834,16.0216998355925,17.2190619032350,18.8262447782666,22.1034183615130,29.4160887612965,40.7176838116182,53.7894090216109,69.6257678387658,90.6664661891674,117.904786406018,151.994833905884,192.816169901567,238.935070153743,287.106323067447,332.075332419197,367.000000000000,402.076005626721,420.022798512528,424.762967088187,432.201322789302,439.494244393915,443.402349037382,445.547748993630
"Moldova",,,,,,,,,,,,,,,,,,,,,,,,,,,,,,,,,,,,,,,,,,,,,,,1.00000000000000,1.10517091807565,2.71451225410788,3.19421051510683,3.31551275422694,5.58932521112028,11.3803035696789,20.8112606148271,25.4189311157399,28.5952888687294,33.1551275422694,44.3370334837620,59.7192695903733,73.6590614634502,85.0547172953802,94.0000000000000
"Bolivia",,,,,,,,,,,,,,,,,,,,,,,,,,,,,,,,,,,,,,,,,,,,,,,,,,2.00000000000000,2.21034183615129,3.31551275422694,9.04837418035960,11.0517091807565,11.9403049896717,12.1568800988321,12.4263406207700,13.2620510169078,15.3693806382286,18.4142958903424,21.7160980328630,24.0000000000000
"Honduras",,,,,,,,,,,,,,,,,,,,,,,,,,,,,,,,,,,,,,,,,,,,,,,,,,2.00000000000000,2.00000000000000,2.00000000000000,2.21034183615129,3.31551275422694,5.42902450821576,7.45599451298078,9.65665946725641,13.2620510169078,21.7160980328630,25.7972108874116,26.0000000000000,26.0000000000000
"United Kingdom",,,,,,,,,,2.00000000000000,2.00000000000000,2.00000000000000,2.00000000000000,2.00000000000000,2.03176118526980,2.21034183615129,2.71451225410788,2.72568088924821,3.31551275422694,7.23869934428767,8.84136734460518,9.00000000000000,9.00000000000000,9.00000000000000,9.00000000000000,9.00000000000000,9.00000000000000,9.00000000000000,9.00000000000000,9.00000000000000,9.00000000000000,9.20061608262233,9.94653826268083,11.7628864344675,13.0534614900416,14.3672219349834,16.5775637711347,20.1079478046377,25.2983606702297,32.5741470492945,42.3533942336270,56.3637168218580,77.8160179510925,108.253299896663,148.393336557897,196.014014823476,247.925452541853,298.385812256975,351.167026080721,415.320374878506,507.273451396722,725.679609264840,1035.13400623314,1265.42070119662,1557.37064707437,1928.26234085019,2400.24587217227,3001.64421349346,3768.55588031833,4584.81119718821,5216.95621461972,5741.00000000000,6385.69699136855,6644.72469924500,6691.39581357933,6828.47536932081,6928.40773352057,7007.74825183799,7132.38374913265
"Congo (Kinshasa)",,,,,,,,,,,,,,,,,,,,,,,,,,,,,,,,,,,,,,,,,,,,,,,,,,1.00000000000000,1.10517091807565,1.80967483607192,2.13827261343103,2.16006234396909,2.21034183615129,2.71451225410788,4.42068367230259,12.6677238525034,19.8930765253617,25.4189311157399,28.5255442074463,30.0000000000000
"Cote d'Ivoire",,,,,,,,,,,,,,,,,,,,,,,,,,,,,,,,,,,,,,,,,,,,,,,,,,1.00000000000000,1.00000000000000,1.00000000000000,1.00000000000000,1.00000000000000,1.10517091807565,4.52418709017980,6.63102550845389,8.31371718916978,9.94653826268083,12.6677238525034,13.8380754034352,14.0000000000000
"Jamaica",,,,,,,,,,,,,,,,,,,,,,,,,,,,,,,,,,,,,,,,,,,,,,,,,,1.00000000000000,2.21034183615129,7.23869934428767,8.84136734460518,10.0798430543508,11.0517091807565,12.0063880051371,12.9160922290335,13.7503682038984,14.4773986885754,15.0656664206321,15.5560941843476,16.0000000000000
"Turkey",,,,,,,,,,,,,,,,,,,,,,,,,,,,,,,,,,,,,,,,,,,,,,,,,,1.00000000000000,1.10517091807565,4.52418709017980,5.52585459037824,6.63102550845389,16.2870735246473,42.5273586476901,98.0702563797323,204.752538432119,396.756359589157,731.476961145992,1118.37904869245,1236.00000000000,1521.01826095062,1578.92943323710,1756.68750278915,1807.56883765446,1851.98255238083,1865.53756295621,1910.44870977074
"Cuba",,,,,,,,,,,,,,,,,,,,,,,,,,,,,,,,,,,,,,,,,,,,,,,,,,,3.00000000000000,3.61934967214384,3.89091065535781,4.04668144578335,4.42068367230259,5.50729246135540,7.53462721907968,10.9012670907849,16.0620295716334,23.2085892795886,31.6693096312586,35.0000000000000
"Guyana",,,,,,,,,,,,,,,,,,,,,,,,,,,,,,,,,,,,,,,,,,,,,,,,,,,1.00000000000000,1.00000000000000,1.10517091807565,3.61934967214384,4.42068367230259,6.33386192625172,7.00000000000000,7.00000000000000,7.00000000000000,7.00000000000000,7.00000000000000,7.00000000000000
"Kazakhstan",,,,,,,,,,,,,,,,,,,,,,,,,,,,,,,,,,,,,,,,,,,,,,,,,,,,4.00000000000000,5.76485722576127,8.14353676232364,11.0517091807565,29.8596347951867,38.6809821326477,46.3602569766664,52.2134571569589,56.1255060079237,58.4833478726367,60.0000000000000
"Ethiopia",,,,,,,,,,,,,,,,,,,,,,,,,,,,,,,,,,,,,,,,,,,,,,,,,,,,1.00000000000000,1.00000000000000,1.10517091807565,4.52418709017980,5.52585459037824,6.04775929803376,6.63102550845389,8.14353676232364,9.34680345002332,10.2547469959432,11.0000000000000
"Sudan",,,,,,,,,,,,,,,,,,,,,,,,,,,,,,,,,,,,,,,,,,,,,,,,,,,,1.00000000000000,1.00000000000000,1.00000000000000,1.00000000000000,1.10517091807565,1.80967483607192,2.00000000000000,2.00000000000000,2.00000000000000,2.00000000000000,2.00000000000000
"Guinea",,,,,,,,,,,,,,,,,,,,,,,,,,,,,,,,,,,,,,,,,,,,,,,,,,,,1.00000000000000,1.00000000000000,1.00000000000000,1.00000000000000,1.00000000000000,1.00000000000000,1.00000000000000,1.10517091807565,1.80967483607192,2.00000000000000,2.00000000000000
"Kenya",,,,,,,,,,,,,,,,,,,,,,,,,,,,,,,,,,,,,,,,,,,,,,,,,,,,1.00000000000000,1.10517091807565,2.71451225410788,3.00000000000000,3.00000000000000,3.31551275422694,6.33386192625172,7.10005916498664,7.73619642652953,13.5725612705394,15.0000000000000
"Antigua and Barbuda",,,,,,,,,,,,,,,,,,,,,,,,,,,,,,,,,,,,,,,,,,,,,,,,,,,,1.00000000000000,1.00000000000000,1.00000000000000,1.00000000000000,1.00000000000000,1.00000000000000,1.00000000000000,1.00000000000000,1.00000000000000,1.00000000000000,1.00000000000000
"Uruguay",,,,,,,,,,,,,,,,,,,,,,,,,,,,,,,,,,,,,,,,,,,,,,,,,,,,,4.00000000000000,4.42068367230259,8.84136734460518,26.2402851230428,53.4239130746502,81.9226848802778,103.886066299111,119.612997760781,129.135231948851,135.000000000000,147.368844592341,152.019795546520,154.407717904150,154.529194038824,156.548403515455,157.937167014618,158.854431205355
"Ghana",,,,,,,,,,,,,,,,,,,,,,,,,,,,,,,,,,,,,,,,,,,,,,,,,,,,,3.00000000000000,5.42902450821576,6.63102550845389,7.05778261191593,7.73619642652953,10.3205128819055,14.4773986885754,18.4499898537918,21.7160980328630,24.0000000000000
"Namibia",,,,,,,,,,,,,,,,,,,,,,,,,,,,,,,,,,,,,,,,,,,,,,,,,,,,,2.00000000000000,2.00000000000000,2.00000000000000,2.03176118526399,2.21034183615129,2.71451225410788,2.95310297465911,3.00000000000000,3.00000000000000,3.00000000000000
"Seychelles",,,,,,,,,,,,,,,,,,,,,,,,,,,,,,,,,,,,,,,,,,,,,,,,,,,,,2.00000000000000,2.21034183615129,2.78167733640275,3.61934967214384,4.42068367230259,5.42902450821576,6.33386192625172,6.83189391723538,7.00000000000000,7.00000000000000
"Trinidad and Tobago",,,,,,,,,,,,,,,,,,,,,,,,,,,,,,,,,,,,,,,,,,,,,,,,,,,,,2.00000000000000,2.21034183615129,3.61934967214384,5.14238808817250,6.63643517837058,8.14353676232364,9.94653826268083,44.3370334837620,50.0000000000000,50.0000000000000
"Venezuela",,,,,,,,,,,,,,,,,,,,,,,,,,,,,,,,,,,,,,,,,,,,,,,,,,,,,2.00000000000000,9.04837418035960,18.7879056072860,29.8596347951867,36.8066788424896,40.6391609686919,46.4171785591772,63.3386192625172,70.0000000000000,70.0000000000000
"Eswatini",,,,,,,,,,,,,,,,,,,,,,,,,,,,,,,,,,,,,,,,,,,,,,,,,,,,,1.00000000000000,1.00000000000000,1.00000000000000,1.00000000000000,1.00000000000000,1.00000000000000,1.00000000000000,1.10517091807565,3.61934967214384,4.00000000000000
"Gabon",,,,,,,,,,,,,,,,,,,,,,,,,,,,,,,,,,,,,,,,,,,,,,,,,,,,,1.00000000000000,1.00000000000000,1.00000000000000,1.00000000000000,1.00000000000000,1.10517091807565,2.71451225410788,4.26497557459407,4.97488308794533,5.00000000000000
"Guatemala",,,,,,,,,,,,,,,,,,,,,,,,,,,,,,,,,,,,,,,,,,,,,,,,,,,,,1.00000000000000,1.10517091807565,2.21034183615129,5.42902450821576,6.63102550845389,8.82138727611556,11.9442793929960,15.3822361066113,17.6069863773068,19.0000000000000
"Mauritania",,,,,,,,,,,,,,,,,,,,,,,,,,,,,,,,,,,,,,,,,,,,,,,,,,,,,1.00000000000000,1.00000000000000,1.00000000000000,1.00000000000000,1.10517091807565,1.80967483607192,2.00000000000000,2.00000000000000,2.00000000000000,2.00000000000000
"Rwanda",,,,,,,,,,,,,,,,,,,,,,,,,,,,,,,,,,,,,,,,,,,,,,,,,,,,,1.00000000000000,1.10517091807565,4.52418709017980,7.55731534819985,8.11891475735310,8.84136734460518,15.3822361066113,18.7486446038224,19.0000000000000,19.0000000000000
"Saint Lucia",,,,,,,,,,,,,,,,,,,,,,,,,,,,,,,,,,,,,,,,,,,,,,,,,,,,,1.00000000000000,1.80967483607192,2.00000000000000,2.00000000000000,2.00000000000000,2.00000000000000,2.00000000000000,2.00000000000000,2.00000000000000,2.00000000000000
"Saint Vincent and the Grenadines",,,,,,,,,,,,,,,,,,,,,,,,,,,,,,,,,,,,,,,,,,,,,,,,,,,,,1.00000000000000,1.00000000000000,1.00000000000000,1.00000000000000,1.00000000000000,1.00000000000000,1.00000000000000,1.00000000000000,1.00000000000000,1.00000000000000
"Suriname",,,,,,,,,,,,,,,,,,,,,,,,,,,,,,,,,,,,,,,,,,,,,,,,,,,,,1.00000000000000,1.00000000000000,1.00000000000000,1.00000000000000,1.00000000000000,1.10517091807565,3.61934967214384,4.42068367230259,4.83340786821264,5.00000000000000
"Kosovo",,,,,,,,,,,,,,,,,,,,,,,,,,,,,,,,,,,,,,,,,,,,,,,,,,,,,,2.00000000000000,2.00000000000000,2.00000000000000,2.00000000000000,2.00000000000000,2.00000000000000,2.00000000000000,2.00000000000000,2.00000000000000
"Central African Republic",,,,,,,,,,,,,,,,,,,,,,,,,,,,,,,,,,,,,,,,,,,,,,,,,,,,,,1.00000000000000,1.00000000000000,1.00000000000000,1.00000000000000,1.10517091807565,2.71451225410788,3.00000000000000,3.00000000000000,3.00000000000000
"Congo (Brazzaville)",,,,,,,,,,,,,,,,,,,,,,,,,,,,,,,,,,,,,,,,,,,,,,,,,,,,,,1.00000000000000,1.00000000000000,1.00000000000000,1.10517091807565,2.71451225410788,3.00000000000000,3.00000000000000,3.00000000000000,3.00000000000000
"Equatorial Guinea",,,,,,,,,,,,,,,,,,,,,,,,,,,,,,,,,,,,,,,,,,,,,,,,,,,,,,1.00000000000000,1.00000000000000,1.10517091807565,3.61934967214384,5.67881532836882,6.00000000000000,6.00000000000000,6.00000000000000,6.00000000000000
"Uzbekistan",,,,,,,,,,,,,,,,,,,,,,,,,,,,,,,,,,,,,,,,,,,,,,,,,,,,,,1.00000000000000,5.42902450821576,11.0517091807565,16.5775637711347,23.7999519316844,31.8941128486924,38.9080089755463,42.1382487798444,43.0000000000000
"Netherlands",,,,,,,,,,,,,,,,,,,,,,,,,,,,,,,,,,,,,1.00000000000000,1.10517091807565,5.42902450821576,11.0517091807565,17.8535376703194,26.5241020338155,41.9964948868746,74.1966682789487,119.128372527460,175.547955758983,239.781915779529,306.596698931685,376.416250592052,455.133221272088,555.900971792051,729.298958936983,939.635004155793,1189.18285290988,1478.64651912057,1806.74461756544,2169.88255715075,2561.96439714818,2974.38835418396,3396.25481788009,3814.79455443961,4216.00000000000,4579.70180623890,4895.06177771836,5146.09048796897,5320.75280167399,5410.65350198678,5411.84252661316,5480.96381196220
"Benin",,,,,,,,,,,,,,,,,,,,,,,,,,,,,,,,,,,,,,,,,,,,,,,,,,,,,,,1.00000000000000,1.10517091807565,1.80967483607192,2.00000000000000,2.00000000000000,2.00000000000000,2.00000000000000,2.00000000000000
"Liberia",,,,,,,,,,,,,,,,,,,,,,,,,,,,,,,,,,,,,,,,,,,,,,,,,,,,,,,1.00000000000000,1.10517091807565,1.80967483607192,2.09823012684322,2.21034183615129,2.71451225410788,2.94381191215978,3.00000000000000
"Somalia",,,,,,,,,,,,,,,,,,,,,,,,,,,,,,,,,,,,,,,,,,,,,,,,,,,,,,,1.00000000000000,1.00000000000000,1.00000000000000,1.00000000000000,1.00000000000000,1.00000000000000,1.00000000000000,1.00000000000000
"Tanzania",,,,,,,,,,,,,,,,,,,,,,,,,,,,,,,,,,,,,,,,,,,,,,,,,,,,,,,1.00000000000000,1.10517091807565,2.71451225410788,5.42902450821576,6.20337068106638,6.63102550845389,10.8580490164315,12.0000000000000
"Barbados",,,,,,,,,,,,,,,,,,,,,,,,,,,,,,,,,,,,,,,,,,,,,,,,,,,,,,,,2.00000000000000,2.21034183615129,4.52418709017980,5.52585459037824,6.63102550845389,12.6677238525034,14.0000000000000
"Montenegro",,,,,,,,,,,,,,,,,,,,,,,,,,,,,,,,,,,,,,,,,,,,,,,,,,,,,,,,2.00000000000000,2.00000000000000,3.31551275422694,12.6677238525034,15.4723928530591,19.0015857787551,21.0000000000000
"Kyrgyzstan",,,,,,,,,,,,,,,,,,,,,,,,,,,,,,,,,,,,,,,,,,,,,,,,,,,,,,,,,3.00000000000000,3.31551275422694,6.48074069838979,12.6677238525034,14.0000000000000,14.0000000000000
"Mauritius",,,,,,,,,,,,,,,,,,,,,,,,,,,,,,,,,,,,,,,,,,,,,,,,,,,,,,,,,3.00000000000000,3.31551275422694,10.8580490164315,15.4723928530591,17.6443079724714,18.0000000000000
"Zambia",,,,,,,,,,,,,,,,,,,,,,,,,,,,,,,,,,,,,,,,,,,,,,,,,,,,,,,,,2.00000000000000,2.00000000000000,2.03176118526405,2.21034183615129,2.71451225410788,3.00000000000000
"Djibouti",,,,,,,,,,,,,,,,,,,,,,,,,,,,,,,,,,,,,,,,,,,,,,,,,,,,,,,,,1.00000000000000,1.00000000000000,1.00000000000000,1.00000000000000,1.00000000000000,1.00000000000000
"Gambia, The",,,,,,,,,,,,,,,,,,,,,,,,,,,,,,,,,,,,,,,,,,,,,,,,,,,,,,,,1.00000000000000,1.00000000000000,1.00000000000000,1.00000000000000,1.00000000000000,1.00000000000000,1.00000000000000
"Bahamas, The",,,,,,,,,,,,,,,,,,,,,,,,,,,,,,,,,,,,,,,,,,,,,,,,,,,,,,,1.00000000000000,1.00000000000000,1.10517091807565,2.71451225410788,3.31551275422694,3.70713168571451,3.90790742131973,4.00000000000000
"Chad",,,,,,,,,,,,,,,,,,,,,,,,,,,,,,,,,,,,,,,,,,,,,,,,,,,,,,,,,,1.00000000000000,1.00000000000000,1.00000000000000,1.00000000000000,1.00000000000000
"El Salvador",,,,,,,,,,,,,,,,,,,,,,,,,,,,,,,,,,,,,,,,,,,,,,,,,,,,,,,,,,1.00000000000000,1.10517091807565,2.71451225410788,3.00000000000000,3.00000000000000
"Fiji",,,,,,,,,,,,,,,,,,,,,,,,,,,,,,,,,,,,,,,,,,,,,,,,,,,,,,,,,,1.00000000000000,1.00000000000000,1.10517091807565,1.80967483607192,2.00000000000000
"Nicaragua",,,,,,,,,,,,,,,,,,,,,,,,,,,,,,,,,,,,,,,,,,,,,,,,,,,,,,,,,,1.00000000000000,1.10517091807565,1.80967483607192,2.00000000000000,2.00000000000000
"Madagascar",,,,,,,,,,,,,,,,,,,,,,,,,,,,,,,,,,,,,,,,,,,,,,,,,,,,,,,,,,,3.00000000000000,3.00000000000000,3.00000000000000,3.00000000000000
"Haiti",,,,,,,,,,,,,,,,,,,,,,,,,,,,,,,,,,,,,,,,,,,,,,,,,,,,,,,,,,,2.00000000000000,2.00000000000000,2.00000000000000,2.00000000000000
"Angola",,,,,,,,,,,,,,,,,,,,,,,,,,,,,,,,,,,,,,,,,,,,,,,,,,,,,,,,,,,1.00000000000000,1.80967483607192,2.00000000000000,2.00000000000000
"Cabo Verde",,,,,,,,,,,,,,,,,,,,,,,,,,,,,,,,,,,,,,,,,,,,,,,,,,,,,,,,,,,1.00000000000000,2.71451225410788,3.00000000000000,3.00000000000000
"Niger",,,,,,,,,,,,,,,,,,,,,,,,,,,,,,,,,,,,,,,,,,,,,,,,,,,,,,,,,,,1.00000000000000,1.10517091807565,1.80967483607192,2.00000000000000
"Papua New Guinea",,,,,,,,,,,,,,,,,,,,,,,,,,,,,,,,,,,,,,,,,,,,,,,,,,,,,,,,,,,1.00000000000000,1.00000000000000,1.00000000000000,1.00000000000000
"Zimbabwe",,,,,,,,,,,,,,,,,,,,,,,,,,,,,,,,,,,,,,,,,,,,,,,,,,,,,,,,,,,1.00000000000000,2.71451225410788,3.00000000000000,3.00000000000000
"Eritrea",,,,,,,,,,,,,,,,,,,,,,,,,,,,,,,,,,,,,,,,,,,,,,,,,,,,,,,,,,,,1.00000000000000,1.00000000000000,1.00000000000000
"Uganda",,,,,,,,,,,,,,,,,,,,,,,,,,,,,,,,,,,,,,,,,,,,,,,,,,,,,,,,,,,,1.00000000000000,1.00000000000000,1.00000000000000
"Dominica",,,,,,,,,,,,,,,,,,,,,,,,,,,,,,,,,,,,,,,,,,,,,,,,,,,,,,,,,,,,,1.00000000000000,1.00000000000000
"Grenada",,,,,,,,,,,,,,,,,,,,,,,,,,,,,,,,,,,,,,,,,,,,,,,,,,,,,,,,,,,,,1.00000000000000,1.00000000000000
"Mozambique",,,,,,,,,,,,,,,,,,,,,,,,,,,,,,,,,,,,,,,,,,,,,,,,,,,,,,,,,,,,,1.00000000000000,1.00000000000000
"Syria",,,,,,,,,,,,,,,,,,,,,,,,,,,,,,,,,,,,,,,,,,,,,,,,,,,,,,,,,,,,,1.00000000000000,1.00000000000000
"Timor-Leste",,,,,,,,,,,,,,,,,,,,,,,,,,,,,,,,,,,,,,,,,,,,,,,,,,,,,,,,,,,,,1.00000000000000,1.00000000000000
"Guadeloupe",,,,,,,,,,,,,,,,,,,,,,,,,,,,,,,,,,,,,,,,,,,,,,,,,,,,,,,,,,,,,,56.0000000000000
"Reunion",,,,,,,,,,,,,,,,,,,,,,,,,,,,,,,,,,,,,,,,,,,,,,,,,,,,,,,,,,,,,,47.0000000000000
"French Guiana",,,,,,,,,,,,,,,,,,,,,,,,,,,,,,,,,,,,,,,,,,,,,,,,,,,,,,,,,,,,,,18.0000000000000
"Mayotte",,,,,,,,,,,,,,,,,,,,,,,,,,,,,,,,,,,,,,,,,,,,,,,,,,,,,,,,,,,,,,11.0000000000000
